"hash_id","cleansed"
"0010bea643ba366c5bca3fc0b606d33c38667edb136cadef94dad2ff0cf61877","yes"
"0075a368162a7d36a5301dbe7886ff545635976b8698ad13d9a4b579595fb9ad","yes"
"008c3281c4cef14394f42f6b4142eac9eba4520ca2d94e524694ff78d8142e16","yes"
"00b883bd7a5a4c933f17dced872ef045ef17798c73997386c81603e2012e59a0","yes"
"012f666e564c2f4adbb8bb6cc5b3e64943dc02ffc77cfb808affc8bd9c58c99f","yes"
"01a52a15a9b27df66559928be598c319dcd7e2c4dc6f4cfe8f60cb9428ba130d","yes"
"02021651271afa7b384f493cadc024dde435df8184979e08eb496110b14c80ae","yes"
"023ec6c8b2e31db6f2ae26c79620a2455acf314d812bd76030cbf9eb4b475e59","yes"
"0270d6b9d56c831c236e35938bd8cc14a2758acf7d7ae1197449d45037869a67","yes"
"02ac36115a0bf6d684f6d230a83ec45fbb16219fceaccf323f209078c6e2ecfe","yes"
"02cee1ecabcd3ef4d55ed25b7668289f63f8216cad1f02f7e693cc6ed07ac5df","yes"
"0319b374b25f644b68f4aa2569c4ef186b564292bbe50e3696b683d512805966","yes"
"03725d3ea3de23f5845bcaf28cd6e8cb623d0b5bafc7d8baa411b274138b1f4c","yes"
"0384bc99284c9bc959c835e27b7fd6b284c2e7e5a122243b2fc43245599587cb","yes"
"0397e694abdb4f84c6479a0c99bc2d38e31c9dc3d3ea7b5ec36b909abf064e25","yes"
"03a0338eb3ef041a10cb8392b34600db4ea387eb91fcb874a172d6992e23263a","yes"
"0413f4c2d27911e195755a1bdc580d082b74cb95759115c3c12a70fce8b6824e","yes"
"041992765fcd0f3019eda2c52a8c79ebcaccda3a20522cd85ab2cd17d952fad8","yes"
"04480c0a842e45ff1dafab9c6dc6906046f39d9ba84ddccaee28d0e542c2bb85","yes"
"0479d5a364b6fc56888f0bf161374ac6b35d48f455f4e2a1280107342b2aae13","yes"
"0512aeec5ce670dc454374e4045cc45750e543962204dc7a16e5c325f37898a4","yes"
"053759dc83fcd5a23d490b28ef102cffe4ffa500b03e4f19cbaa8c685c096cc6","yes"
"0542022b3bca52a9cac723dc60bf20d02c8532c19e7dec14084e0b6fabc40088","yes"
"0550cd9f10c9c283c542a3d8066d51789b25291507c8db379ab133dcb4b0dfd3","yes"
"05550f7b9a459a3a2f765ebe1b56a628ff0934675b2516785a43d90001a8e197","yes"
"0561564ee80677596d48b88af0177d2ad724455eb1e0802623e5aed994d30e13","yes"
"05740474a63d3ded744a39be8b0073198944cdd013953663ea8be32e87fc16ff","yes"
"05c1bc9d285732e38981397a520de0f093af403fa7dd44f51b83fb17655dcde9","yes"
"05c9345f462976a8cfb6e0cff5e3fc5b553d8841b0074222f804751199db513c","yes"
"05ca2c431c974f656b2f9ee0981f1f17c2ac9ef73e8d4885292a963bf442262a","yes"
"0629f72826e7db9ea856a0cc22a2c560289bebcfde3571e490c5c6402ac3d195","yes"
"067adaedf03a3e427767cdd825e68e4e2964a9d2f90e8a50a10cb93249c14edb","yes"
"06aaa19096458eb20bb24f348d57f87035b9d94d36c0258a1533d320dc80c005","yes"
"06e9b1db20d03619f15884617caf5a26299b80b618edb9e15e025f5c3544b12d","yes"
"075388b87d49490b5686557f419ec7e5fe6c211146f40c4b7ea6e13a212bf434","yes"
"075c72c9226e566be73e4ca44b88edbedaf956fcabc2130bc28747bc90cf0125","yes"
"076864beb27df72942c5c27eb5f99db040286a81c7e224d6083f60181116134d","yes"
"078328a46e22bc7e87debb1ae18f772ead380499b8a3d5234cf79415af7a295d","yes"
"082d3c70d36e9d9008859101744afd0c54e55286af11c6cb65b03108d4783ec1","yes"
"082e7436ab4be0a551b87779cb006760da689381b9d1c1ba5408c7133c29660c","yes"
"08438e5583928c035b32450141d9a54d6c1f5361bd95e8b5c2745ad3c721f3e7","yes"
"089893a88b65a8487cb958a2631a417f464cab91ea150176fe65aee2fd293e7c","yes"
"08c34905880070140a77000ea1f27705c24cc5aa6864e1a979803cc2ac484b0b","yes"
"08c6e80165897a10996895867f46d7bbc191e0730fbf4b1f88afb9d185609df3","yes"
"09057e77a17af5b3bf452dbd6efc6f93e3a1fcb23eff2dfbe6ff6070e87f687b","yes"
"090fe8c820f813988ef950f35e60be8f00ad2f998737b6a0291d8c8a84d260bd","yes"
"0962abaf33bac974d0b713b3ecd60b68f0942205642abcdbda05ae42e8b655a5","yes"
"0a3c85c9b8e941d5819fbfd101e5eca1ccade999a86bf0fb1c37e501592de5a5","yes"
"0ace037c68aea8e375500751621d1101d1865f5aa4b7fe6eca8aa75661a7f6b6","yes"
"0b1224d921b08170da7856e9d5bbf7d6ae495fbf4bd584b5215ff264eac37824","yes"
"0b446615c3ef1a6d1e9456055d794ff035eb5704b4e7d99598613ca857a4c65a","yes"
"0b54ce1d46943680dac4e16f7021ec62c357c5c5f75342b254cef5c42f5d40ea","yes"
"0b5bdea1bfc6cc0e37bb2660881957c5e757b4d9b6feae7263af9918e17690b3","yes"
"0ba52e66ef9630b53f220426ce73c64909e66b1b8c4324597986ef03034a60d4","yes"
"0bc021db2ef9f8b01ec0c472f453f1b9ba84bab177b5bfd2941806632f79d30b","yes"
"0bcd1a0adf6376984da47fab8833503e83f3936679ba3557db4fab0d9cc7fa54","yes"
"0c3eb67ad91f7f2623c251230f7864f4625a846cf402f42a66f3a5fc910365bd","yes"
"0c42cc4af3d29f2c56bbc96908b295f87adf0a41c1f924a55d3228a5496b0f67","yes"
"0ce1ae0f8f75b8298c081dccbb8f345731a6ab07d680b7c68548a5eb2eeaed96","yes"
"0d667fae584551c335db03c9cb983767ecffc3333c9984507a045291812e9571","yes"
"0dc4d8ab9011d6d13aebf3ede0b05a5f53a34944d3eb9927b04e729323acec07","yes"
"0dd218d51755ec13d910e3673652bd4a0a154909f43444736d67f64a184c2260","yes"
"0de471ebf7b7ef7e23bb9c7135b4312d316029abf9e95deae20f9880b80c230b","yes"
"0de6cfba801acb1d2592640a115ae1d2ac56b1334847cae0db19628c8b28c23d","yes"
"0dfc48c748a813a1ed0837ff2ab5f907e636f32c7bd35904921e91a85c1aa53c","yes"
"0e85e0a9173da2b5706d0e59ab6041be2bccef7ce7e5a2cad21700753d1e7364","yes"
"0ea97988687bf02e0e01e9782b10d81a9d16dc34b4ad57cb513467c4a82db009","yes"
"0eb120eb3b4b9be0cf21ff0226f8a4576ed852e9373fdb74689bc9043153c069","yes"
"0eecc571da78c14ecb5fd2f7073ed61125bba3556475cfb6fd8f0a717558af2d","yes"
"0f43e259cd6f92b70feb59260986ee77bc7efcfaea0e0c090ed75dd34d62f3e2","yes"
"0f6e55cc78d33b7fe075188957dedb0e7c52b380e4f84065a722518aac8aec31","yes"
"0f775b227035dfaadbdb67af42c05db7030314e71db202126f40330fc582ca5d","yes"
"0fd27e4cd1bb5145572b0d477ed99dcee29c12563aeaacb29a4f4e6dff861be8","yes"
"0feb4c75353de05524ea49203a0a762eb1dc3cd5fb4cabe66c8e3e6245cc6e0f","yes"
"0ff649f71e44c3a6e2ca516399dc1d961afeb13416461e9686b4a581665195e7","yes"
"0fffa4b71f94ace636cd11b9bcbf4aabd18808a447d72e67ad3e0e67c0881b81","yes"
"101926918d187b73f36e60cea5573ebe14492539353e7b7dc31ea43dadee8c25","yes"
"104d6f93d5d0e4133f3ce0e0d850d6a1fac99f94fad5c776e290cb8b89f64deb","yes"
"105153807f373380c0cd4445e63e3f4ef09bc0c22eaaf4f49123e1321ff59994","yes"
"1056ae813e6d4761876bf21bbc18a13e5968d2dba85413afdb25fef0c6dd5284","yes"
"1076be0f4dc3aa7ffcab112d81f1ce10d7b6c3df3434ca9b393d5923bebb4733","yes"
"10794b4f6dcc50e5a86f231926d831d5a7529fb5198ba9ba0f557fe0a67c491b","yes"
"10cf891cc4d6d39944ae19f77ba5190ae800be99f5981de2f2dd9727fce06ad8","yes"
"10e710fd16615c37ac91bc9ac5856cfbe506fdc7e3898218fcc1f9b183b069d2","yes"
"111a6e5cc55aaa21cbd89b22df641624c7854f79a235cfd6a93c4c9046b2c248","yes"
"119857c358c3123e5f6065866f6090eb4c4fd61816bfa7b8932facde40275320","yes"
"119f23e4c450556a76029daca567baac59a38fc9d2fa33e2ca46dd8cb7aa4f08","yes"
"11d3b1d181ccad470bfd276d643b21d4c34c74ede6235892ff017eb9abeede5e","yes"
"11ea3ceee3b9ccd4208165ed3bcd6612045517f7055dfd3c1d0ce5509b4f9d92","yes"
"1230a82d2b6c26650ac8597a1af081f6c3d24ae9b6273b23c0e23add402f408f","yes"
"123fbfa28cd494575330649366630f32472023e56524fe20006b49dad8e65e41","yes"
"1293f53f373ab0dd1f3b1f6eae6d06aa64c170e84eb6cbfe950a32660f72dd34","yes"
"12c65acad74eb7629e361906652d7b698fc744a1345b64bcb940b7c2af61a31d","yes"
"12d2ad44e575a920e78dfb219d5bab4f00f566c955f512551e9d6f5be3c6f230","yes"
"12f8c63a511e0e834fa6e859a252d49792b27da0aa568389cfdb2bb0d71a7353","yes"
"130dfb73cbc33fcdc11598cd5097c80292ec3622368e7ad49820deab5f990b5e","yes"
"13290dc49506888cc83626cae93bf5cf694e48974a57a3d93465943e14968a71","yes"
"1395ad722686cb75fd9111ca1a86eae4b8712d9393c13061a4333c9011c29f96","yes"
"13eec7f67001e47d5b86486f441da673c074d1833c10df959f61d2edcd8844d5","yes"
"1400f9363fc41c6e1f7d91218fd2e09733adb183ff1596eaadbd445001686623","yes"
"142787733d953a0158ff872eb6fdf1d3c6676df3fdd2f39d7099a26b7b13eb81","yes"
"142bf7e3418b96157e34fbb9f3295570f9183fb03bc0ef58c51c026db7d07df3","yes"
"144783bbdad4517a15cfc8fd49d6d0246f0fb5a31af982a908ddea127d798725","yes"
"1492155c87282536c5b9400e5bab50eafa551a2368cb75225641afb9e48c5b76","yes"
"14d66ba0cc95f5c5d18f61e66b20f88db1e0db462650a109fc0ce5f692702d78","yes"
"14f79463dba33827b6d4d16dec5266823dc5c379f493b2f187b31713c9b1964f","yes"
"14f7a5e84f96c8e9844831518097cf19e6ba565f9232258b9e85973b138a77ce","yes"
"1513f37bdda25f9bcbba73ec29e6aa005bf19580831ae93fe7da1b785fd83fe8","yes"
"151af78857c1f36fc0bbbb79dc1eaaaa5b8ffb7ac7058b9968824e9c57e07b18","yes"
"1542f724b4fffcde1ead0d89250e7e3b9b83ac27ddef2dddcc96dad600391555","yes"
"155fc90cf438abc62d1370574e12fb1e598a792bb70c4bbc6ecc83d399a9234d","yes"
"1587398891331b1fca38c70ccee4497baafdd7ce2413e0e21e90503a39ecc66a","yes"
"158c7c92239c9d7cb744cba9e56fe14e2d89312a9a4a2bf1a7172853e8328cfc","yes"
"15919bbe6e707e5a29bfae33a488f895dc851810019952e069d5ef3de832bee1","yes"
"15d744ec0cc9df9589e475814f15a931e1e4aefdd9b20571598afd65da05c88b","yes"
"15e80100ed2c9fd2f16063fa40e147e51d26ce2df6c6e0702f414f7b0f80ce2c","yes"
"15efb4ccb2bbdc368b7b9a12659393d4cf2e9f4f434ab3851821105afa407e74","yes"
"1649fb5987fce2c3ea9e3499421f54c0fb543b3c602072f4b0f12b117b7d87b0","yes"
"16546279ee72912959a8c3ba230e980f7f7e036d975b44a86691ffa8e70e2a71","yes"
"168d426eb1f18128742cf7268dad5c2b3a5b52f6d3493618cef3d76648169f2b","yes"
"16c96539ba71eb5cd35c0a9dd928d5556fb37d66cba3f7e3106f9153afdb7067","yes"
"1746b2fc37d65a9307410927de859961875e3c04ce8e94b93a51301075576491","yes"
"17704165457145fc832beb57e64392738806490e653fe515b7068f2f05bf27db","yes"
"17bfd5674b9b1465147249270e2698d931a8a3a74a0d3076cf78ca5ca5cd6fa8","yes"
"17da7be43e1b03069db44bff054d23548c176d7f7351ab0668f5a491785e7144","yes"
"17fae8518b54f197fc46de3480c713f97671e385838e704d4bb43b19e5e413c1","yes"
"180ae5789f1be3e8c6b2f03ab0b60f22289a09709521e37e5139ae3b5716e6c4","yes"
"181051bf29838bc901473d39b55732a0ccb4d1646954d2f54363a716cec84501","yes"
"1823f95a5fb277f1fbab3ce43af8aeab2260914d088f21e201a81a9b0a8225f7","yes"
"184666ea4326120862364a84a8b44edb9ec1e521badbdf26fa291fb16ee7e40e","yes"
"18639a19f192db12876b1c8fc9ad1ef4bdd2c648336fe4070d1570008e55fb76","yes"
"188cedc0838f940f4a9f8c4784f368c5afa39cbcdded7c1e6c6c17ddced249c1","yes"
"18bc1c1fb35d1c653488d01cd7b2227f3bea3e6e9a786a46c95408dd608da11b","yes"
"1935e4c2117e1e857260bfbb420777e0baeaa210ecbb07f1205aa33e5d6e6dd1","yes"
"194352a778ed38b2af6947288200759060fee27858860136f98ccb60b2e6362f","yes"
"195434f23c5bdfc1eb2dc2e1d8445b27468b8c211b6d79e626ca911ec9aa3702","yes"
"196cb8f2bb7ce6b4695e02c2237fbf0c31a2cca8aa01813c7f89f27155876a0e","yes"
"19d0e96a30deae5b63a81638ceb790e161ac1b2eb73dd8c02f8348cd1704e4f8","yes"
"1a0ecdf369a0b2a9fefb4565a92f03da13a93eb2590b0c7a6f4ebcb74cf7429e","yes"
"1aaac3d7264a670b837c338f0d84b1ec356dbf0e13f2468684bd97464d23a24f","yes"
"1af06c0d03591784c987eeaeaac73fe2c7755a8e8b62db18cf2d73ed3e5fe629","yes"
"1b4a6889691589558272731b6a6608c1f0c907d36ea3866f8f9cb4c87bcd71b9","yes"
"1bf09a316c2d57c4c28babf8b1d1754da5502205e691757f3aed9cf3d86bf1bf","yes"
"1c4ba182b426fcdfe34af038859a8930e3b5f11e83b202d5f2e9b227fa857e59","yes"
"1c4c8ee18795fd3f83745385eae37da98b1c4f3570cb10ac7133ff83c0432c86","yes"
"1c81ea1620925c2b48b12876dab05cacc92e80b768c74880d137ee6ba13570cb","yes"
"1c9c99d7b96e80cef3b3e2034135282cb227c37845804affbe022a8bc6fadb61","yes"
"1de13eda780761c5c64547432e5f50316b0579a82c396d978d0591cc1bfbc6d4","yes"
"1dfcb4fb6338061d7500e657af1b0cf98cfb7ae8ff8fcd4a3cbae3d10c225c82","yes"
"1e3de0288e06a075ffc6331e6d2fc8aff8e38782bbd7db56942da72a410966bb","yes"
"1e445066d019c3cbde1daf254ab808473744ff8a0870cf1d0a48f2b7fcece612","yes"
"1e78e2952f2c5db50e8a4ee1d1c7875c09e7fb4df9827723df0b41bac6312059","yes"
"1e7fd60ba14230eb9ad5e8bcb193fd300624aa9940c5127b88febff6d2858b26","yes"
"1e86d5d214fe49a0586d674c23b5a66dc7b3e8ed7ec7adfbd34abdf055069c2d","yes"
"1ea049283d3f3b55c96c62f3b42069b659174a14499660496c28c52348960206","yes"
"1eb072d05b9b2b0ac804f5ee470682a9c8edbf1e9ddfb0f06bc7784388cad026","yes"
"1ec0ae244bcbfa053a6d86f9dc7360ac9dca4257ab1cde16a566ee8d68246e8b","yes"
"1ecc98bd0a354ee3a770aa1314b4c3b0dde179188a8f2e9087de1067d44e1138","yes"
"1ed46b391ae028a8e736a81687231baeedbbd63ab0062006accda18e379a2cb0","yes"
"1f2c7afef8d59027b1dcdda39b449bd7d2f20b30d4ded084dc8002c61552379a","yes"
"1f9eb16440921a51d08533e604f3b67a27eab99ae3316d6b235e89044f2e3d17","yes"
"1fbf990661cabb44299cfe0883bf5d29bbfbb31f3a5a95ff43b47b56ec60700a","yes"
"1fcd32163956a3384d97f8b3073fd2f944396ea07e5ea7a75ced32a6d1db75c2","yes"
"200535dabf5b560f7bcff9737eb22b1655119dcbc9f1ff20d1af78e19cd9c10c","yes"
"2017fca9a14ac91eda16dfdc9dd33275a0b107cee2ded01bfc7204f4b7300e7b","yes"
"201baf8a5e97dfda45dbbe06b43c41ac2799987d60fb439a10ce8ce331df7094","yes"
"201fe0be70f5de06a1025be4d5480749c7564f12a08a6732b159133178746d38","yes"
"204649832be54e84a299b77dea5dfda98d7a51702437f4dcd68e5c9d766a5e5e","yes"
"2088214c289f73d0f8bf004fe8ff24e12c81b097523942638b12f010fb165f40","yes"
"20c0b55624d13f8052a5374c07719270fb4775560560412bf5e8b995736177b6","yes"
"20e3d01c96929cef0ddbb31cad3ebd64c51eebdcf471b436d8fa2c088824ed55","yes"
"2105c921f36980619f248c4b88c1511740807171f66fb9824403d886f9d727af","yes"
"2117d65c43634b81f2b525189fdea05b3e8ea61b724f0a81b49772a7c91fe033","yes"
"211f57daf714d3686be9b999aeff627eb42d834833e435c26c8c8b42b90b4860","yes"
"21586e2664f16d9af99c92abf128c0e00d7c8e88c3e80316311f08a9575a26da","yes"
"219199e75716219fa1b1eddd7de9f9878d714b03be7ea400dba4ddcbac58348b","yes"
"219da26bb0bcfd24b84e77b142740afea0c2cf68a7b21313e2390dc1a5fba2a0","yes"
"21b5e07c95cac48aa5f4dddfe590c477009d343d334a0b2a8897c9089524be7d","yes"
"21ceb921c2d2958d1f329a31fcbd24a0c3fb2c0a1d690a94ac28ec6fbd6dcc08","yes"
"21e54a00b14f44e5eeaf39e9a76de930bcd82578ae3bad270945fe545768d8b7","yes"
"21fb6212b7d178167a2f9d8188ff6fb4b46adc065b0b3ab669c93d34d9c2c9a5","yes"
"227002091df1aa7fb51bf65aab1d0b27e1b5f26367ab764bdb2fc996612118f8","yes"
"22892446f2e038fcc43fe1548ad6eb523faa4ed78b83b8368b7d904e90fc09ad","yes"
"22936042de8d48ddbec8ca2b58679109e4b6d4bc284bf495a80ce2f4b7ef2876","yes"
"22ce0c2642ac0debf8e26bdd513bd99645e6f48de79a9f796449a5359e5886f2","yes"
"22e3cb8ff2317b950cb11a7b86eb2594fb6fc321c98b156388b0861933cd1ff7","yes"
"22f37706967fd1e928f8281b237ee767a492b6c1743302984a817addc4a72927","yes"
"23148ed9688d6944e9fd1ac4a2e2866027f7b68cd9853a85cc86542fc4a743ba","yes"
"23248d84dcd8ce8ae3b07c77d7cff22236ae9baafa05cd90251da7317bb934eb","yes"
"2335f210026c8bdcaa717d510dc9760670d1b9b63f1b09f1fadbaf1da2342cc9","yes"
"233d2ab8e0b79ecc59b23b3ac39f5af749cfbe2a7ed6feb03f872b707ab23fd1","yes"
"234bee60dacb1d871b313b7888a6ecf23e170bdf566adad191a8345cf37429c0","yes"
"238c670581535c4d1da3bb1fe2f9f68d528c694e8befc74f37d9f36895714ebd","yes"
"23b9eef69b976e52127a8bb241ec55b08451ae2237ded36b6a55430c25ea59c1","yes"
"23dd46d20c4540aee236bb5fd987738ae2defd75e8997cdc09adcbefb4684299","yes"
"2407081bb8f6816236b2f079cf185a18e6610d074f7df272271ce2c95b2ee475","yes"
"2413ae82d027aca6c11889f9f1ff4a0b11b6dc1fc9a00ce413958c754fb50019","yes"
"24339ea7f9763794b47f91832434428f7d7462fd0be228494bb1b2fa03a0a04f","yes"
"244ce7d11e5ff45b55739cfeb32bdfc9087014d9743292098cb7aed03f2631dd","yes"
"24d289f4adea41119be38c3f62ff340d00c4c94599cc08a95b8d8dab7946576e","yes"
"2522e8af57e34075d8868c01f9d007e0b039426e27c193751ee5e67d09ec2309","yes"
"256b6197c112cc1eefd7924d746a7729f22379f8769f3eecbb243c7b4c093445","yes"
"257c0a11e9b3af4047a28c176403993b6f939ab556d8e2d3c08d3ada47172db2","yes"
"2589874d94978171a1e4910a8807c20f64179f9e103e49b1565f6deee25849e3","yes"
"25dcd8f9b19ffdb6468b13a82861da9fde0721258427f67051c51cf7c37fe9be","yes"
"260f300e4c832562891d212b9b1b8c4e8bfd005d9375f57939ca16563e8e627e","yes"
"261fd166d8c6cb6fcea35f21e01f9937374e5e7aa9b30b14b002ba3007699bac","yes"
"262b899a50c209cb0d3f6eb2f6ebca70365b6b4906cbec0e2780a9fc64a97a59","yes"
"26419c258f76c4f22d59b6bd47587c737a9563549c5d9e4fddef8790300139c6","yes"
"268e3e01397d7a98cbb560562ebb06185fab3a20f2af12c040f428d7a4f26ad0","yes"
"2712042fec1df88ec1a155aeb943f18d5f48e8996ce6bc49a7f59906007917ce","yes"
"2792163e82d6ae63694cd92c34d06dbc673c5a6f55d4b1a98d1f97c00767d092","yes"
"279a2cfe7840ff065dcc8612b8b787355210ba03946ab4196b0076344c983fae","yes"
"27b6586408e2bd377c758b76feeceabb6738e938762194aeef82291e8dc848ed","yes"
"2840c2de6594809a315df8f50075e305a2e14ef6564c2405dcded3d8d0e524e5","yes"
"284f61fef5483249d07f74ab6d7a9e453ffe24e9bac8622da53428c08b2461a7","yes"
"286ece043bee33b61b37a7e457521665e309b8aa221b3681a278b8e8a23ab11c","yes"
"287569683c39ad962f850a5284e129464605bc6166647cd9c4c5a6ea7d832bad","yes"
"287a174e861efc13c872f7e801cb87c57e9d575340548adcf66728028efd2338","yes"
"28bb99c332efbdedd46633f906564c9702626254d3daadbde74a53dbf42b7172","yes"
"29272be12295f85b5ad22212b3fbcb47a61097efab647e7c4d37e38d003ecf02","yes"
"294e7f196e70ab787d15face88cca483ad6f65faca4889b194dac0a95e66f039","yes"
"29a0f2239e3e8cd61354a08775a7389a3d14000ef161764041751eaab7e9cc83","yes"
"29da66a377f940b339299bc22c4a4d74f689ff3662f7bb3b409f36615e589857","yes"
"29fad743946701831942afa1e8a1ae95e19791c653eb9268b8a71c8108b1bbbb","yes"
"2a1b60253b5fa960efbc08e1aa9d555b2e2469f1598f09bd4a782d0c0239ee6e","yes"
"2a50d0459cd533adaf6256af76775f4f3ec453fb90ef2209856fc7f43e65730a","yes"
"2a6315c5a9ec0855ef14bf5c9a6d9151088352aac5bd04ad91dd4df099cfb27e","yes"
"2aaafbae61555176671c97819b0731805844bec49d0852aa8268df4d200d2a20","yes"
"2ab4f2d517346ef2c52234177cd16904276a07005ab40bab5aeb684b494d2afb","yes"
"2abcce77e7c9061150cf88257b2d95d4db5b61f84c10c8ed0ed65c190e08ba38","yes"
"2ae07d59f839d628e6b34a37abbedfd4d87365fbb6f623fadd7e07c4edda3520","yes"
"2b0c96ba625d9d3255c201e400af4e9b87c1d5be67d885092fe0b3a76025293d","yes"
"2b3d65c70cb4f4b967c3790667f34a324a0f09e87a51e2dfb17fde494fb70a73","yes"
"2b55a4c8e248a95451402e2733595f6b585a26ec4e6afc3d7a6f76403847ff11","yes"
"2b9cf084d2c53d758661f418d1943730ff008599fc41ac3e07ed3f6c2fabedfa","yes"
"2bad7d5cf11c217de80e400345115771c2c0041f048bce87bf4c3cbfce4da6b9","yes"
"2bae745541cc878d5579fb35202c7d6f5c276a0d9993d2dcc9d9a6a3616901a6","yes"
"2bc4bfe2f5c7c2b6b37285d49c62244bec640a94c32221d1d281fce26418b06f","yes"
"2bdcc0b0215bf206c7f9dc50df2c88d9e59ba88d9774e7342fb510e50fb51c60","yes"
"2c34fd2fbabda6f0574862595abaeb6bb5cec34d8a30f676636c663a8a932116","yes"
"2c737917cd2fd8aff4bc106e571e618b8fab89ed773a9178a835a93dec66462a","yes"
"2c9310cc0d3b32202963b7da9444642d66f682cab9e22df4b50c26da56fb62b1","yes"
"2c9690a673d43a52ad969c150b1cab3901cefd314f6e2091214d89b7860d34bc","yes"
"2caed57750fabd3ff1cdef2576f29012f0a8594748ae75433328c1ef8fe7dc1d","yes"
"2cc1252e0d2e4b6f057eab14c908c79328ac00b660dbaed6b2fff063bb935efe","yes"
"2ce7895e5ac1ca7d4d7a3e5e7cdbeabb940a3df2334b6cedb7e85add4f2a0e8a","yes"
"2cf2e1ca5dcf4630811495d0f6f94c2112bd05d7be743f8e5bc47390db63b950","yes"
"2d10a8a34c67103904865665c4529df382ed88d580e1d311cf99d1795f7a1fa7","yes"
"2d37143bc8f6130043c002f7f0f89cb0f9a9119133afae1a903c1dc95d3b6c3a","yes"
"2d3c6e90ead14bfcf2faa1823ed9a7d314480e7ceca36eff309639d172e44ef7","yes"
"2d496e054917294783e61c2975ad622c2efb6890f6250070266178c5c45c46c5","yes"
"2e2864cf600b5c1726c5186d746e1f627c2905b0d503ac6bb90ab38a613ee4e5","yes"
"2e369995664ea787b5a6ed9c8f840ce7c7bdd78be1f6cdc414242eb8beb342f8","yes"
"2ea18470a13405388c7bdc01aea36023501f8ac1a5629966193b93412581184b","yes"
"2f12640c8dc223bcbd15abd73dd95461a982932d45970b9b7f3323d11975ff91","yes"
"2f16728b689f2700d8839f84355ae4e9da2ac901790f156cf55f600c0ad1cf82","yes"
"2f2d7e99cfd802aae49e3d6a49e3a176d6d834bcb9e2f63f8d49b456f7d1b17d","yes"
"2f4de931e2a6b06dbab0d4900f5045d84600a3db653ca7147c29dee7d3f07a6b","yes"
"2f5244e0bade78186922e428f45af37c89ee241365c448a03a66dd0bf24acce4","yes"
"2f56ba8581d8047d82dc02fde4e48a734c22e47cb8737f50e5c7197340a16f26","yes"
"2fab89b7783d0e6d52c3f72eef1e94182274bd9fac6d0586bc03b908417f92b8","yes"
"2fd2108e496b9c382e204cc7093b9c513543e412e64085524fbfd75b2e0ca1ab","yes"
"2ff1e9a7f6bfdf2555351a354ec1812d8ceb0041bf3a90077502d9df7237f1f1","yes"
"3040cca708388b3076f28a1123353a4915bcf2d91631197cd6f167553959229a","yes"
"305a77540c778df35c36c15b4b29fb310e62bfe05cbf82b2b34032302697a0d2","yes"
"31549fe3025dcf9b3631ac0e3b26668cc47b92718ae592d24bc75faa35f19da8","yes"
"31b5373827981bb594505f45b0d9ff142f6008c887f387d6d02241f02024afd2","yes"
"320a948bbd6292b60b4beb12a6711c8a00304dc49bac913e5a99014eb9390c7c","yes"
"3214dd6f4595366f46640a1161f763d95a6e06a6a5c767615d22f604bbeb6e5c","yes"
"322e5815cee9bf56dc6847b8a8777364eee4ddf21466d91f7794e2fdb69f3ee7","yes"
"3252b07979108f26d7c0669ab2d08ff1ced078cda5fe74d84928c84105078a51","yes"
"3266720d5c5c78417619721ec7f6458becca706815c9d8e5770dc5328a3ef8ce","yes"
"32744a11aecfa6d1a44b67d3a88187e798ff0570b5e26467e3915901b9d04f31","yes"
"327581d813ccc589973dd4528f3894f4bf3a7d23c69cab9563a5bcc1138db3d1","yes"
"33028d90a0b05548d045d6488854e6a52c25ca4ae04c76a384edb0f5a44fe481","yes"
"332889a31ebc37eb1cb0eb0779752137b5901740402b14bed77ead1d0e2c81e9","yes"
"333d2d866c941d64143c91526c1ac332392c88b9e7b3113b627036a321b10c98","yes"
"3362b151157a1066402f2b11987db186352cd80a1a6d6187ae79cef74461a316","yes"
"33636ee008d5ecd2fd582db317c3e0e9afa1e7545ef98a13d39ef6b52115b90e","yes"
"33a9976fb39c4a45b34b7c958dd75e69ff4fdeeb861f0ef386610c8dba99606c","yes"
"33dcc23fc741fc9217ed3fa57de65c661d7e255c4343ae0c480da1dfee1c1041","yes"
"34027bd9fa69e2157afed7c1681134ad3a06f8873fce9159793028ddb9326491","yes"
"341b4a7afdbc7900528336384262f57dc4eb063c6870f4c5ac1669d4300a11c7","yes"
"346295f6bf40d26971a6b3d43c87b63a2484f666317e95e1fe6b6cec5635d1e4","yes"
"34a4f9ee6ca66f195294e3a7520bb72fc28ec2ddcd9ca0fcf7d54df43776ba18","yes"
"34ddf85030ae42b76d1f164d480b76db77c88d395fed971399b8e81687ee51c7","yes"
"34f93a6a0efb6f684b913b83d5c765c3f6c3df31f85fdb345e0cba4d1d7a6ac3","yes"
"350db2dca3d9fb01f8da885d247527bcafb6c3b4a0fcd49e7408a90472db7993","yes"
"352cdccfa651b2851e1a7ad76d7f144cb4579ea163aa1de76c2d685e8654e8de","yes"
"3533b4f942b5ebd1c50ad19aa2934995470eb691a030fb24414dc058c536088b","yes"
"3537286525c5df66cd609ff1708bffc8f90b6767fece8bf16fd6d18cd9270b02","yes"
"3540ed74f2bbd00cc08c21a15ebf9e9bea7a58c08e1649786a53b5c47ec115eb","yes"
"3542121c748bc144bd815d2f203349281fa9ac79364ee0691a9358a1d17d87c4","yes"
"3555d4717d15a67ac44e9aa9ce1a99862f0e50192431502fab6746d1765a51c3","yes"
"355ae86046995fe5cad7d3478c67e73e77e43c853ac7cb59dc99fa38c31f5d51","yes"
"35b0a1d3ba43df9d92da33e3fc3bec0bff6feed45d628dd53817f42a07f22347","yes"
"35cbbb759b117d73ab87eab945c7d58da987d12f0a8941805b1e6ed4293fd4ec","yes"
"35d2f61989dfa8fde21419f5c19adf234f539f7e09264cb707e628cf48f2df7c","yes"
"35f54957a4996159ed469df3fb0c51759b9f55b2013af7ff9a65074e31c50bee","yes"
"36586cf2f750dec0b0ba8d218b41cf41e200f22a0408d8381c18282aa9ca890d","yes"
"36efbf353d772118cb70d351cfeff9ff420c8a19840fcfa194f006d8956a82f6","yes"
"3746ef77e578a65e002c2bf352739a632158f47ce693e4286d26202545776d50","yes"
"375cc3f2a4217b6505fbd40c35567ce7bb75ff2ba4b4bf9b708e48da23583d4e","yes"
"3779ba7b586aefe0126fffd6be0b5d94db435fb56cd9ae31b644a244e4c03201","yes"
"37cfccf6f1605184ef6fae046be2905991ea77be7b58b27541edd37a5485da40","yes"
"381f552eb6fc8d22f853c64b7cf7d3f797c7f108d73f17da9cf59c67626a36c2","yes"
"3852f50fbc1a8176d45972b1856bca8d466cb5288748646402cf43568fe91855","yes"
"385fab427c13192fedbb7ed10f2a3be40f9a1b8b7252d61e6bb126c4790ce0e5","yes"
"3875c751b42acb3da263110f7d45c18034900ae508abaa19c06f0ad491e4916b","yes"
"38907de2864174c3368592d8946023000431ab6b07eefc028f52fe9c049bdfaa","yes"
"3893cc0d2afc99740965e5905ea8cf4062c2691b54e96b5ccac4e6c50974a852","yes"
"38c48527c6166f3dced4d3badb9c771e960cbcb415e45815ebbd02a873a1b5e2","yes"
"38db6dec5996b3e08e564680f787e4b397a1f68d92df6b6e057f289e17860f73","yes"
"38e115abee8ea9c3419a3bc428da711fb4b6b2f4b2d452afc9cc0e07504a1f76","yes"
"3907227fc6dc19014454cd1e782c7d3e3a43fdaebcf62387fb41ddb365a2834c","yes"
"39930f23eb5b9bd5f6f0ca78569a698c6f9a85e08694e8360568fee7a83ef729","yes"
"39dce6361d9b210579793d077aecf7f5a4b5e62acb8805a5f4a621bc6b270e72","yes"
"3a0b8a382f70c04c36595759eb1ac47920039fa498f63c7f9b9befb8b9e8af12","yes"
"3a13da0ffb37e4c501452303577d523a2595d9ec6023f29a43e8ce3f6a508b7f","yes"
"3a345b89b8f48a54db6191b20dbe08bf8506e261cc4d83faaec934cf7160fe78","yes"
"3a39bf6747ec450e479a2aeecc35bcf84cea6f220b65ef67bd33af3a597e3f8b","yes"
"3a6c9de039310cc538eab4772a9f19587dcfbfdf87ab443508e125797f9443ce","yes"
"3a79bd1ccb534599e8aa3760ff2a9a00aa31d1df83d2675964a603421cb96102","yes"
"3a7cd0d5824ca9741e30ed39c00a29a6db40dced07b4f84889871d6df421667a","yes"
"3a9a3e1f9203d39482cd7d7535ff32b56ae5e3f1eea9e57c0ae9a8bd6077977e","yes"
"3aa3913c0a1b216fb106d1f6dbd0ce91fa8dd8e626f2ce74d031175c214c0636","yes"
"3aae00b67a4fecc2cffe9d9a2fe57aa4b7a2f0c5fd2239a49e7850d560334ac9","yes"
"3b07d68613013476c7e9c4405b3cc329a1ce620a4400f2d68665201ad67a1f88","yes"
"3b5ef37a71c26ca807a6e30adda1b16da97c33eb89877b2ea24fb48d433221f8","yes"
"3be0039096f7c17d1e884553d834f920bd7f5bfa444416c5663fb5438b6bee2c","yes"
"3c1027e2ef79d3451420481a8868c9f6e88e23db49bf49d9c75a29df7044451f","yes"
"3c196f51cb7776185fadaf8cd07adc6f33ab0ed307754f4b2a5c30a852d4f3f2","yes"
"3c1a265f5f888d1a147cb2a98896083c37b83d461c4e05338b2e2bf212823814","yes"
"3c741610b93db1e6412d58e279e4c30939dd57f92cd32c3fbb240fb39ff2b100","yes"
"3ce2ff2ddab0e1e2d287f26005e58cbaee187e57074ef560b739fff418f0732a","yes"
"3d2ec104d950a65e720415db3c72884ed7a5f53d850a20c4d868c669c92f411f","yes"
"3d4a763307df05208f9588ab0411cf24886448a3357c6811580a4fddd10d6109","yes"
"3d829c35956715eba8376949f010682fcc6ca6cba907759a4cb6ca78f839ac6c","yes"
"3db70620086bd00ca6b576f283358e8b6404da24698a6a1ae79e6e44d1c1ca42","yes"
"3db7ee998ead30000a614fbd5c3aec481a97a1480e28b8302191e2b78b31b1a5","yes"
"3e308fe5863a0a8382a975324633d9c23dc56562d6919092cbb6c4f9d038b444","yes"
"3e665ebcc5b6ee74cfe1dd14b7d745d706ffa72cb178df26994acd9a63d74eef","yes"
"3e6c69534e7110f65e6d7d10cb63006d8b857b5d00b59d66b6a99b1a25f682c9","yes"
"3f996e9d5436cccd0d16c9d66e09a4d29d460bb640bd1a527ece2d0124a7c9d8","yes"
"3fbe7424da8bab7e5b824d5f1d9b428e57df27f53f436699d68c0e53b164c15f","yes"
"3febbcad7afc6251d465fc31194e451091ebf854af9650f7f52eaea0cc15be0f","yes"
"3ff8521251fc2c078c0b2b882d38d21e722edb8b3918f146f1f60e550646e2d8","yes"
"40bfa2377de198ce773fc407a0f0f4b28195b11d0242d88056e0f44f4a45437e","yes"
"40ebd7ae58d85e25aade94e5d227cc47a6033a956ade07c46add4e2c89b10b19","yes"
"412076141dd9ccd65b8641653ad8fea9ab3d55daf3db8532021e4a5b0e24e285","yes"
"4199c3e2366b1a94085ef74e5924cf2b7a511625c7d8396f9702d9e12d77ce70","yes"
"41e17c1734e60e24bbc3004ddd875318b4964e6779744ec8b4ea1bb0d32d3766","yes"
"41ea6f781f27c69fe92b4a200a18648e4e5f4ac96de711a3d3cc3d0e61633c95","yes"
"41ed09342ee77f826b47c2867739996fda78dd37597c4a699537c54f3a1484f1","yes"
"41fac835479f777c7e25ec89473e4ec234743dcf3aafb0d8c499eb354027e5c7","yes"
"428c5778ee3ebc2ea87ba2945427dec7e2a066951ad99a084bd1eab8a89dc5b3","yes"
"4295f95a567c396485acdd958eff61c346bd304b3550a370de2b1a9d9d8128ba","yes"
"42a744bf629d487eefe2c6de8cbc6e5f9fdffde72f2e2380419b78e30b5ad011","yes"
"42fb36643ceb5b3d905222d2745805b17459bf3eb77dee0b426c6f42561fbb93","yes"
"4310cbfd8d83a4d979dabfe0f5dd9ae080e72c28eb3a3e5aca1db02bbbe9cafb","yes"
"4319c5245f987356241438fc0cb3b0851ac6198a63bb8b40431927e83d05446f","yes"
"434e9a91510270f7db1cc00a6a26b82a184b96894a415d7a57f7cfeb70437638","yes"
"43777f98a57429aec20266e45c7f8b57e747f0eaca34e53eeaed14a8974a4865","yes"
"43a91bb42a723428b91a3dd154e0e8d8079918a8aeea6a55222f2faa0e2899a1","yes"
"43c39c7a678d827a7d7bfcd0d69f5e1d29139b837be577261d15faea57750cd6","yes"
"43f876ed2d9573cf9a29d90db6c568e8a42de5d399496b4a29574a8bff778b8b","yes"
"440b2b91974e18e75622fbdd4899b73448bbf35f3c4bdaa5ac7d89000663e481","yes"
"4471098f17ed39aec0287004f70c433dc09b7edd332c6a6e4003a09db1ca2c3d","yes"
"44c67420be2bf8ef1498de1bef2121d89c9afb5b3dd813751c1ce061838ec615","yes"
"453aed77768aad7164c867df940237a594c5cc59bb467ecd917ad259ae1a3cb1","yes"
"456e056ca5a51d87f37d2d5cce7582d41e8ee5cd3beec3ae531015f725f04217","yes"
"458f23768b6909c992b4d24382aaf4b0701977f214d57e86151673c4be37ec22","yes"
"45a3838980bea4f5e14c4885c11136576d9a85ed94a092f4fddb1e3a03604a79","yes"
"45b18ed4c8ef9bfe189788bda5ac33eb62869f630579a82365c4066f853d5f06","yes"
"45c51708e94ec1b55b08f397a25302f0445d8ad0d94a7fb8e205f62f87aea87e","yes"
"45e826865c7f64ba6e7434291e95b85c52d70dfe6631c8ca2b2557f2ee31daff","yes"
"45f4bab809fef481f0da41da84bb4066be9ceab3ca63ea3dfd3fb6968edf5ebb","yes"
"460f59b1a637700afde7f542923658da3f48a645d5697183885cd071bd253921","yes"
"460f94b64c55c17ef12f884a47bb918c94cf9e7ed2539a33ad54c02de78e88ce","yes"
"46602d2c477d1c578a37430e9e67b0c4aa9e95159e9c7209bb53977923f51064","yes"
"469dc82420cd3112c0bc995e2bf8fb9195ee3daad83d0bcdc7d96dcdd3b17028","yes"
"47839f30ebc88d0f1114fab459e17df604b7ff7c118527cda05b2ba3ce1ab739","yes"
"478aca9f07aba26cb51f1fcd94b1b243f9e61ff5c0ebfd66cdbcdf31a1321d86","yes"
"479adb308418c1e203287caac40bbf1624f3298ce99744ed40ab1917b69e5824","yes"
"47a001e7529f422057f6196a2394efe161df12d4fbcfd7ceaba48865fb3297e3","yes"
"47bd95af4bf8d82b79e0681aca433a1213416a0f7611c1184de2effa32f23b2b","yes"
"48587cbe3af8fce65b44b90e8e603a630c2ae2c435e7fd0bd9c24e3e9e967427","yes"
"488740cba298096e0455511bfe9798450a40a1f0a9e0fb9f38667dd72888e9d1","yes"
"48de52202a246e6d3219cf584cb4c697c95ae9e9e379aecc0308a24367d8a5cf","yes"
"48ee1635ce2593baef4010774a50c54a8b37c0e934e6779ae9a6c98eddfa2c99","yes"
"48f4e1dac8e0b91275686c20c86cf7b3b0e58244b2d0305665ce8855fbdadb6b","yes"
"48fc5f33fa5151c4185b39d9060ff994d638f5df2cf7d9dff9a1390efad840b5","yes"
"493850a74a386292d1ebcfe915ee27b16c8ab348f170fefdb9fdb4665e5ea3c6","yes"
"493d237c777d3f13939d31e7538e1af8574465cb3772a8a348a755af27648e42","yes"
"496462b468e3b69fc5dd86c8568c3f9e7639bfa0b3870a2b02908ce581eba297","yes"
"499249528aebbf0d0e55b3d2a8bad90661867cb73e4c73c08f6c915255417cfc","yes"
"4a39c548678abd22c0bd1d067d84ee6c3fd928530f326c892bbd38880b13d9a7","yes"
"4a7b46472313891568d3b7d8ce154472e75153e11442fed3ebde4bcdc3fe4b0a","yes"
"4a99a721d29a410a862197c447dbe1415a9f019dd91becc6ae0dac7567aea8ca","yes"
"4aabc86098bf840de7316b33b89c3385b5128e8fa1f01c75ca019066b8ac220c","yes"
"4aeb2985ed59ea1a8cc8f62a284468063387b97c179f189973eb34485ba110e3","yes"
"4b421b9a437b365ec86ebdab099a908c7f76fe01139dff32984f599ed1587776","yes"
"4b4303ace3772e211ed4b7431753281b029390a7d2f93bc41b7a47cd7bf13e8d","yes"
"4b578b22ef65fccebc7c2da25a0691dc72adcfb81f746438f3e9da02ad1336a7","yes"
"4ba044c05fdbd5e4d193f2e09f8793ebb11f1b85998dbb571a731ccd2f6ac4e6","yes"
"4bc830412db8638a11d6a540f5434c8d2c1bffae14d8b3fd6ba768521eb9b136","yes"
"4c40792480c3f0a4e315d5b95e6cd67f6f10f91bfd947b36b964cdf866399721","yes"
"4c65010bf54c202bb73ae67f7a8d0f62570451cc514dc4394bc11fb447b8b88a","yes"
"4ca57dfdda59153643b393ebfd996b87d5866646784b51cc55d55f2350296e75","yes"
"4cd201f116cc2532f4f840b5167f5ac8d7cca1e0cc37fc58a442fcb9f9f6b3ae","yes"
"4da6484940a487a2d9885abc1398f3b5ac95344934f41382a31ffa642ef9dcbd","yes"
"4dbf2510c852565ef42c8c647685a7a56cd63b8d241290213aea28ef8166718d","yes"
"4e20fdf150aab8022394a99d903bfa3be1a166a93eecf37d025331c8aca61834","yes"
"4e45960dfb6d29f8d37f3a202b628f296ad45b669525a6e01fb29ae220e7adb6","yes"
"4e51f71f48cf239988939c414c9c2e4aa02aa60ff587748061faf68313376378","yes"
"4e773e43adb4d62c12fd86d8022ea542a15f3b6e939977d9f3a5a85a17e8be58","yes"
"4e79b87589b4ea3d0c8049bd603358ef8f2756828caed291ae77b887b7d54b65","yes"
"4ea201c68049197e4f3a71f01fb26c3d27d66740830e44fbf912f2cacd6d8632","yes"
"4eadfd2ad9b9fe0407d7edc52b47a193b7d34b8233c261ea2973808cd103dc17","yes"
"4ec2b3a388831f39af22f695083912c27d52c8ba0e7bda9b87058dcf1076d5a4","yes"
"4f185e28b389a3359d2cd23b79d428fbce4127de0dfa6942a514039c0de977b7","yes"
"4f198f03d679932bc198c62194e575004e4811b206dce554420559def8b03588","yes"
"4f48cf58ebd007383e1332a32b41dbd7a307f4a7e7171cfe30276fdc4d4a9e16","yes"
"4f5edcd84893b6d14b6aa1afbc808ac3ce8a59483de03a84893a6b064c0abadb","yes"
"4f72d73c84e96ca1cf8ea24bd554034efa65178d6bd726ad254674914013d4ec","yes"
"4f797f17ee3070d2d1bb4954ab754d47dafd6350ece8589b9b1a4f01eabc1455","yes"
"4f80368c31904ef2f1e12e1613d4b0a30d998068d43a07a446f95bb36758e1e5","yes"
"4fa37f0046cf310cdc30f4d2ebf9a3ab93e68e3d82de0236c1a50d4d7d69e88b","yes"
"4fa6ea2e923c65f96e70227de488ad349de7bd3c700b7897c84fd4e7c388899f","yes"
"4fd3a7c70a73935463ce808af0a89cf0ac4ecf4877e8cf587bc465a82889283b","yes"
"500c990c10d891e415ee3f2d2fb01919dc54ffebcade496be40d8faf76198e15","yes"
"5099d487a03fdefe83977c25c4a9f72b85341585c0ec8143ebff4fd2a330242f","yes"
"50ee9197802633d2ace4fa1bf80c98a32802234062f39e8a147d2f6231aef138","yes"
"5105e56a64d4dab169b30209e85c1e567fd864dc861b41c4dbcb2d4b608ba5df","yes"
"5116b5c2fa134103cf960b558fb836f2197c7c882461d1d8901c3e82c66c1e98","yes"
"511debe40bfab444018351422afd0b079cdd4320befd64e1c48a1c0507d8fe74","yes"
"514f552bf9b5eaed8e03fa9bc497cf5372aa7c598db3aea3ea1055092f0e3c37","yes"
"51615ee6c68d73470768fa1c9d4286c1aa1792bf6d44ea8b81d231424d959eae","yes"
"518f21f708b93af5a7398d4a1d10936a69b3eaa74a417d5c5bcf7f9e93e3059d","yes"
"519182a7826439996508fc589ebe66805e94dc0da920aa1723f7a6c7e2b09251","yes"
"51b1589bd32f03d2cdbe8189aae5612e86f8c726874747256dc4cc52a262ec43","yes"
"521a2d06755e1a44480ef52f4c85c10367eb79eabe7d9f7eb4d038bcae9c751c","yes"
"521faa37b53b4f85a47d08e6dffe2d20cf80e87bfc0333681fcd82a00eee6dd5","yes"
"524c451c88df8871ed9b5eaf78bd186e1ac4e6ec42bb6be506a9fc451ed53af1","yes"
"5263ac2cba2985de6ff81395a019ca16c28fb1ef42e1053c926d0f68f71df637","yes"
"532967a035e7cadaaead7c3eacbf581584fae6957a46a5c81f426b33a14e8c09","yes"
"53a92ff1d4e3ff01bf21229b436aa6533529eae73d4ccd60a0cc82df402e5b73","yes"
"53b3ff39c88f03ca0f16d8574ebe30b8fe6194cf1b2295ea608efd083ab5ef7e","yes"
"53b8754d55595ac1285fa007944aa6aa5879fddc1ab5ebeda4ad638f24de349f","yes"
"53baa525d97be43bf89ea368815400d7b1ee88a5649b22a82daca4cb0d1cac6a","yes"
"53ebe8b798c0c65fa10c8a8eaa50d57cd4fbf977b2b6034e81de25914daa9d9f","yes"
"540a4486a96558626edef9fe26bb629ceeb281b9c2457aaf40ce278dfc89aaf3","yes"
"542278bdea67fb3d68f26b7f91a84d1b8b16018193a87082b96632639d07908b","yes"
"544cf6cdea538a2fbbcfaceb9914182d457add2edc1d0b34ce7ecd943ee09e83","yes"
"54e6f96fe0d606a7b2b5cba51f4edb1897d95035eec4551cf0f1c473ac1cb18b","yes"
"552aa02a1f6145a4faa4cb3d08fa78bfdfee6f850d43897f00b101218d9b5a18","yes"
"55313009a0d0d24ea56ecbaaebeb2a8389a654712e9ff795b2ab767b14b1acb7","yes"
"554348e91c9171f528aedeff478aad7348f7e31feb1dab255c191e18c0b50210","yes"
"55ae0f9b63da09be6f219931daa2281653d24a86135c366bb5b6c1fa4790c1a7","yes"
"55b169c20ef49793610f672ece45f73ab55cd2a9b5ff90cdabe8ea93e9d00c47","yes"
"55d9fcb59ba6ed2e9f2dd40da7955582a0ebae39065061d9853e4d7ce762ebd9","yes"
"55fa5470d024d12920a81bd50aac17676e2eff3ad8f429719c600a621adf49be","yes"
"563a04bf7fa8f5637ad21b0d995c0818d464f4db83982a1edd97e1c79de31828","yes"
"56435150d4131a0001bbaabcac39bf08386445ab6fc0ba224c1148cdfe7222a8","yes"
"5653292fe882ddc3ccec5051cf8e304b6c44e0659ba8a21973f9427c433af415","yes"
"56591bc711022c7d7c3086b2e4c07eb7d7abbdeca5d186cb96edfd2bd8a9a6aa","yes"
"56a30bff28ac7219a12d78d7b42c39f135c5490c8e17370871b190156adf78bf","yes"
"56f6e787e5413348b7c9fa6faa3135b4b08e702a2279302f76a08d8a3d25eee5","yes"
"57092922d3c8396a753208a292f815add6a7f5ca56c4cf5b5fee4a5d5575e747","yes"
"57566f2f96afb27ef1240ccdc7b95425d20a5fbad9269d4f2a626891d9b08c53","yes"
"577d4761b0f2e07df190dcace60a6ea8bd641f043d3e1e2fdb38581ea1c15f0c","yes"
"57a797e2a7a8e7125efe7638ffe24b6595d6dc563195f8a41bfe83c22e33adbb","yes"
"57b8b6d4fce20b87fe6e47e9baeb9973edf96ca194543ce9215a48cde52388d9","yes"
"58530d3651106b0c5860450a0c258359d7c0cdf1b8817664e7b42ca79c84ae0e","yes"
"587475dae16af68a50caeeeaeca59ee21e33d0ca3dfce5e9c718dceda1a7b744","yes"
"587ad3cdeba1ef89ec6ad0f32b03fe082566708e03947658c036f5d056350691","yes"
"5880ed5ba1ad88a32fe9eacfb367fad0a58e268ff08247b87bc9faccc674236e","yes"
"594fcb57f64e274c796484d8ca7b5c1b835123f7be9bb9b0ebcfe3b5a265dfaa","yes"
"5955f78c4a378b2381043774b99526f2db6a36db3889be7fefecafd408a1a1f3","yes"
"5964f303d020d2f3f3bc4acf27600082554aca7fc2860d1a948e6ffd3dc6d849","yes"
"59a7eeae8be617f7e7b7cb59e120d308edbbbf968a7cc6f488cbf83d4d9ae715","yes"
"59b00cfa78ffc2eeaab7798e1121f076922d439591828ca3c332cadaf15459d7","yes"
"59ebc20a02ecf44337e08011c4b41f4c1ac26fe80ba887d7a296162098bbb015","yes"
"5a23b3891a994e6419c52b8daa1bbc445e8901320b1699bf45d898101ecfd45c","yes"
"5ac73aeb4c1264257fd5ed968ebb4d48869d13c1a6c9e79320eb1998095e3d12","yes"
"5acd23eb01f7494c0b0ea17a1b4721c64262f7ac6078d48511af2c590c2b5103","yes"
"5affd0d719fba9c1722194dfff986daacdb34034b7e72785b9be8c3a3a702e7d","yes"
"5b069f741a1c9e1ef8438f68a8284c4d7abf504e4b74d368593d7c497c20f5c5","yes"
"5b208e9132e91199c595f177f5bc0b56956a5f8143339173c6d318260b89214b","yes"
"5b4119a9b7a99dfbebba4fb07bb3f3ed235cb7c1472307dd600c13f272337a66","yes"
"5bc8d42a1525123970ce2e9a5594acf90af28d81ea66158c7e945a3cce24db22","yes"
"5bdb2e4cc5fd00c05951605ab04606df031f9784bd8467115327eac81ddface9","yes"
"5c2a71951ba11f5794950887325bdb62b910cf554815390fdb22e7b4a421c35f","yes"
"5c8c5c690df454c627ca3b99f138dfe01afe71b80cd2cbab54ce9602ae60cb3b","yes"
"5d32ab2c38ecc96e2ff0028cd6c887e0c50fcf5c5aa1341813dc796702cb44aa","yes"
"5db0380a0dc6c308edddba58462bc1c7e15ce557bfa4e8a97372ce6df61c71b5","yes"
"5e605b38bb16d5e76d8737671bebc8cb505eaa398bfc330e532cb74e1ff65bd0","yes"
"5efc09f1849a0b800b3853b5fd8909a800516ed1a69955750881ddd1ae1130fc","yes"
"5f0f29ae5c4a31ead6e8b3630358830ed4362bffb7ca3c98005c71f3b4ff5638","yes"
"5f311c03e7314e950ed543bac6e50045e5ba27675c32f74aeca2c795ddaacc5f","yes"
"5f4baa5311b607cef4c4de59f519059dd5dbb25be71c01d43c59574f1b082cff","yes"
"5f58774280269254ae9a76fb19bf97c8a7ff3b38a93f82e875bdda888165e0d9","yes"
"5fa7d947e48c24623f4d397c6c54706361077c0f423da3e7176848c4a99167a0","yes"
"5fe871f05421f143e81b1d35388c72b429cc6ff372117c144bee93f3f09e7b53","yes"
"5ff9c38667b1eabcb978f9b505d8fa630104099e4a60e8b2262ea2b417231353","yes"
"604d66a91be2462922c9fb631b22097aaabafd2f373ef9f592c733a7c004632e","yes"
"6061022bf4954297f5ef48d1b3aa064a39e36a9d405c507594d494a9710c0dc9","yes"
"60e1498be8dc4892905eb5bb38ccb292316b2ae25d1d18dca24ea0d84bc240cd","yes"
"61485a0f29ce08be99c9330d62570f16ce1c440d085b1a44479a8d01a6b9baf7","yes"
"61b13404255d2afed3513dc640c4d8349c556455a474d9499abf68d17ec210ea","yes"
"61c0aa5734f4e8456446cf8dbead38c042feeeb5859c50e2bc99e835419c01fb","yes"
"61e3764d525d912e0263bed439ac6a4af791e01fa1cf69346d1e206bf866688a","yes"
"622eceab6a10ad5fbabb4bab30c3c021e48ac06df417200d4b40a10f570ab78a","yes"
"623dc5465dc95a4ca085c83183e0c8f39b659094a843976feba175d82eec1f2f","yes"
"6279d6de481e4cf33bdec39ff630f06b01a9b04e36355bde2d3160d4cadc23ab","yes"
"62c1dc9f66935f8fe31939ccbcf56c462668829e29c37b423333e464ee2cf331","yes"
"62ee00e13673aa6a455628fcc6bd34b860cbb2db7ac4c9232c9cf812d02daf01","yes"
"62fcb9abba7514e18043e9c8502c396d139791ba79970792dbb9208f6ba1543f","yes"
"630789da62ba7b4a7e5c5f84708c543ae1d4998084ec49f0c13119f0ce6afaf8","yes"
"6310b839751a093594fbb8c35093b47a732e89d88ff0350667865c8776e09937","yes"
"6318a51ebc8cf06f3225d80d51dc12fcc65588a0ebb545494c96ea828fed754f","yes"
"63632dce068084403a7b67cadeb812dae07473e81453f7ff27a097afaf4ede82","yes"
"6368d282659f780ab8a6535ce5468dba80a0ce44458aeada9cba8f40a59add08","yes"
"640d208e9e84173f5175116c572473536ea21489e38f311d8feba1de1e67a38c","yes"
"64d4086b5587cb5c2523cf45a2c31886d4819849e468b6169900cd4adc933bde","yes"
"64f5d6636b5932faae7f22063d04e558f8c9907048ff99374147f6865bef72ce","yes"
"65189ca77bc7d3ea85063891a31a255bc02e4bcde5897ab06546e56521489544","yes"
"651ce86b3b132098dc42b68a06bef4981f8378802abfe39d260d28384c9c74ce","yes"
"65219c87bb9289b8d1f8c09a941ae6798ad0bbdf28d57c83c432d5aea586df3b","yes"
"6542c240a5d7cfb61075c4f4f2cad18798fefc77521cdea5b62849dacaa18754","yes"
"65661db40e5b0f3db365414a700697efc425a31aa1c06395f999395a0b7c1d15","yes"
"6575ae5dd1dd577f43bb1e3094e6ffb53e1010fcb4e0a20d935bb2e2e7679085","yes"
"65a7caeff39470be6f2fc5aeb5d9dd94800629c007eff97fe29773dda76a89c8","yes"
"65c1ad443d30651e4513f13300d85429e6f0eacd549e1ee3b28d0420448a6c67","yes"
"65dcba07f2b7c66a60c72ca345ba46bb0e10c21f442438cd854c26d992d16289","yes"
"661ebe84da2c39428822648758709c99d87f3c0a4c604d401bee5b6526f80fe5","yes"
"66508d85dc135bcf3d0be9c99ae7f9af4e9fc1a56d8b095343fca0932fd96da2","yes"
"669f5eca4a0dec25ee2981c76b0f6f0b8bd9a7b6e14586c88556f02e71135212","yes"
"66a03cc7ea0006a58170277949ca3127bafb642dddfd01fed682b5bdb1703762","yes"
"66a5043052340e098ccb1745bd5de20a01de4192285706cbb1c78f31712ce42e","yes"
"67039669ffd88f22919f5417f69b154b02d1cd3e1453e3a4fc9093dde068d9f9","yes"
"6714f8a093817f9563470fb59d32cfa557100439df81b7ef8960546bdb84ce3c","yes"
"672aefef90cb07588407936e38aef797aa64d40d2c30c05f505600c7fb4f0aaf","yes"
"67abd467f5a81368de5881b4a3aa478874184547af32ffb3c0accdf1c5b9bfe7","yes"
"67d0c963546a9dce62a40e9705a5d1fbe6010bcceab42e9aca5f971133a0691a","yes"
"67d824ca3b62759e2b4727bd60af7ce39c7cee8bb2f6a36095e071b55e3ee05b","yes"
"67fb2e83a4b077b0d39503173f23423dba3af478190f42a4c386cf5848832b2a","yes"
"681d2987bd9d4cd661b3a6a1a5347025262fc9d9d8777429cdd3689c9c478584","yes"
"683332adda2be57e69ec412d9fc014e77dabf98e8ff76ae0a7f1a05fc7ff9ebc","yes"
"688b99627c276ac4597f40474f14817a6ce68d7dcd38d6091ca5d632961db21e","yes"
"689b0fc73f3210d8f275e6e49558279dd2527f4ac4ee5042b90cc652a63b20f5","yes"
"68c8295eccba831cbe7f65fff31c5207ac88bf0e1209e9de6c6926f10244bb6d","yes"
"68e8b012518a8792d914e50479374f7a6c5d257f0799d52e58d1435082d8d70b","yes"
"694d99ae1f083ceb5deb0d1475fafc9de0c1ebbb8ffa0a4866b234d746c36789","yes"
"696647d4084f1168dde08aca6bb0333d8fe0c0d151ea5b9f50fc4b2316ca829e","yes"
"6a3d63386c9fc58d2618285735c2215415c2a9b53f87ce9da700776985a11607","yes"
"6a4eea782a77a519d8a141346364ad14512d20002dca5594c6c761de0c112502","yes"
"6a5001013e6f4c4f3c0c69c5358ed566c0a24d927299d8b8e2cff93b9544877e","yes"
"6a59e4a9317aae323659d3684000ffa8bf0c728d32d0773cc55bba77b25085c4","yes"
"6a657a4257a83b109b3b7fa768065a0d88d657c2b0a945806d0e984146e0f23c","yes"
"6a74b83b79678578d738a22ff624435b238b0176cc114194d5c161a2b149ce14","yes"
"6a7fa4d7e0a194b9a79bdcab49b637c8bf3e6b4101c764ddb01159d88537fba9","yes"
"6aa667bf3d1721f2dc97c1924ca22d2c13572721263211a37e127df73e023a9c","yes"
"6aad938f19f69aaa886ef9c694c28a900a593bd19dd475533625a4f6bf6eac06","yes"
"6b3439c426706cb06c406b6250e7cf97e6a2a26ae35b97372128a9e835bf3200","yes"
"6b456d2e90a137960c38f7150efd98803fb9a4eb5f584b38324dd6595c93e425","yes"
"6b5acc1c9005b8cef2a8e827813c0094a4033352ce5db80cc5d0d3e61600fe65","yes"
"6b88eeb6511d802fe13f730ab0e4ba8f799780194ddc18d99ece1e8e5e5b9081","yes"
"6bfdca0c6960a2fb615cf4d1e1455691d82ab1f60e47ca96829e1b1b74874def","yes"
"6c89abdaf9571079e5db5972ab21ac2ed84a83f26b70402b57039a220e93009e","yes"
"6c8a1563745487577909d59ec2978b58b54d3fb328c1aa42424691d43dad2232","yes"
"6c9ccb00f94e426c27be3af3023564a55819b0778107deae1fe0444b9adeba57","yes"
"6cbb58dd956a9ec5348cdd2b066991b4a2a6465c3715cf8f585b184f13de934e","yes"
"6cfbe6db4fceb04857a15ff359df7786e903e10309631d8b6dae8cebcacea601","yes"
"6d27f462fbcd17aad4e34dc019ba90902991b6468796b355bce5d629a4b4e393","yes"
"6d40b5a853f7ae68c32516a32253b8a1ee4cd457478776e5d71e683a32d97cc2","yes"
"6d586c0344b4fa76cf8de8b7b14d09dcf9fd74eb8bf5b37e94ffa9d77a6c98d0","yes"
"6d74a395b01522c6cff393b91a5b480f0ae0bb7eb2c89edfcbbdbc43b85fc9fd","yes"
"6d84f1c55b38e5891617c28df363be0c772f5bd006a925583ab9da48f8fdc15b","yes"
"6d918f89a97a6fd2419c271ee2e41784ffe80cc1f682ed7d3cdcc50c873fff4f","yes"
"6dad606dc2dd3325f144c2c138490c71b01c512ef4b0152af53ca66a5b383a4b","yes"
"6ddc8c7abeff75eeb4340fc88914b4d24264229ea27f77e7f1ad11640d73961d","yes"
"6dea28dff783c4ce5974cfe082a9239e057177a35c080b2533ddaedca0c08f72","yes"
"6e118ad387248c3efc6fe58fe3ea5b7c1f6e0781e5005182f8dd7fc1879664f1","yes"
"6e38f9f2592d4ed2562347847d3b25d2e323ce2129f7a3e36910bc2f0c31a13b","yes"
"6e4575724aa91e8b10047fd970fa83bb128afdedbc665bccc1b2293fd315467d","yes"
"6e932a2f85555a3536b2acac44569d7822e42e421f93c1ec5c0a6eec11b13250","yes"
"6ebc998b35fdb5796e558fdd6ad24bf465863d900c8455b2a7122334f21c0307","yes"
"6ee797e8f0fb9599f6c6ab22fca6acee86a5fd9201051e5af98184e2de8072af","yes"
"6fb288463ad1528bd7e45fe20674bc907952f5b4f87d27280238945fd833a3e2","yes"
"6fcbcf22f4c11a47181a11876029cf271fae97521d296daf7edb95a3bc25012c","yes"
"701c6458fb1690161cd9a1e59128341a35a80b19feb0a55cf0e802bca59fc954","yes"
"70220ca0902c0b892d76a2e08d4a7c27e75735bc96f362d6a76ed3e35aca9a9f","yes"
"70363051f4108a0a09b0f9bdbad8de9548277f92850c3877d64965aacbee6da4","yes"
"704da9ec5de679442361d7d9f751e2aa746c20849972f274afaecc630f0ffd63","yes"
"704e69f043175ede19c766de3a43c751abf083433c587ad743d202dffa306506","yes"
"7079140fa29f95360b82e0c81cd56e6d06ae2e6b20fdff689c7c683eeaac595b","yes"
"708d3832a97f2b7d319da4bee403e9c402d8ef7ed4420480ee2ce00a563c0b38","yes"
"70b93a595ecdb9e8627cb0795b61415869d8d4613e48e8e2f143b21f1ebbfd3b","yes"
"70d26c08ae84f1f03a866e245002152bc21b733aa0221ebf705c682d95bd8d78","yes"
"70fc8f311fc0fd3b70869fad434eb8aec9cf466572831759e4f9acda566cb675","yes"
"7115bfd56b0e1003ac9c1d7f4a7cc1bb27e430ca6d54dde7fb67c483f6b90912","yes"
"718629702b1977543227ee6ad1e6818a095856a06d403810acad61ae0fc0a89e","yes"
"71b1737eec9587695fb65ab49ab08d633e5b9164da2fad244b949c0d0915661a","yes"
"71cb8ba3e07455242df9cb1f4fd4e32402ab9409a2164bf4d6db2a67d12b28df","yes"
"71e102acb4ab39e6db6bb4242e57cafe74731d2906d4feaa3bf6469517e86492","yes"
"71e15a3dd0070ddd506507ff629dad40d51e124089bcdf9185de0d24a0d4029e","yes"
"71f9a032817864d639999a1dc17d12ee0f6e0016bc393e394fd1ac7457e5632d","yes"
"727d873b0bb386bb1d5490cc0bc7fc2d376dec89149c5e0658b7f8e33aa370ff","yes"
"72931b008686059bba5c165959f40bd27d2b38aad6279040cc6c59aec2e1d9c7","yes"
"72a0bf33b721f2a09be7b6eb6bb41d34e75a5399aaf16a535ebb7e6fb11bc18e","yes"
"72ceaa31610af9399e03646756315c12a06d2fc2dba60430fc9959cfde572e00","yes"
"730cca79512666042d4784f3cdc5caadb66eea3fbfc0270bb0f26f425b1a18f2","yes"
"731624adc52330ec1df8b9f347cbbe00873dd6ea393abc0a53e7a234c11e99e9","yes"
"7347f72dd819e7db6c45065df60dfed18f59b6001e285dfb9ff48669149e6381","yes"
"735d6045bb3c969492643c1a1319523f4341e7eec0f886acdb67b4cbbca8accc","yes"
"73c2a04e57494541cea423243ad0a2a185574b562a5a10067d15e071a85103bb","yes"
"741a75b3e53f4cc8feb362e5e9d6ae97357d09fda08a7c1c68a31923c66417dd","yes"
"743e031b48432e3f50852f040a89122a93bdbfff732875ce272e616f854f46ad","yes"
"747b681963b3f2345d6c7c80c91b62cdfff26791c452a5aac8d55dd26b0b0a13","yes"
"74d0953661d9417fb7b11b91876e1cdbd2353eb917d3a040e61e5693ba61a402","yes"
"74df52499a6c593aaea03be8734adcfe6baefcdf3ef514ce4608dee39f6838ee","yes"
"75071b6d125cbef11c3f6bd18cc2772670ff215cbdd487200c949c07eefb657c","yes"
"7542bbd95c4376f70d9f256557c3e08b40e76dc62eed788cd8c44092a687b5f5","yes"
"755018c64797e8ae84da4f1fc667eeed5a8fbc2cf348c14d620d4fff6351bf38","yes"
"755dea5c68a55017393325e2d1a170e10764a664de55873fbee0ed7322c5ad0b","yes"
"756c909e4491a510296aad361d5d461143e366bfe46c61da6cd0e09a90f421b7","yes"
"75777ecd3bb6f214b6436d3e94d8340522b95f011438899919bb3fd0ca28259d","yes"
"7580e9084e23d7ff7d7eee4a30201c13f18187d66c074952f020a6d168364ff0","yes"
"75fd2847a5297887934b25ae4280928dd8f8aba282324167a9264440654e5a7d","yes"
"764d898dcaa28044605ae53b46e90311b8f21f1cb7622f73542c29a566588447","yes"
"76c40fa9cae37a77ebd38105761369be52b295e86678fa68be11f3decbe174a1","yes"
"772dfb29205e28e275ea18d905257179420a7cf30feeb4ea3395a8246e2e02e0","yes"
"77349020e5923468a887be9db841158041594b2ecc5047d93e4f1bf583cb23e4","yes"
"77354261e8d8dbe4d1773ea1144fc1b6511b7750c1b189e5cc4fb3f0c00d49bf","yes"
"773aa3767199a4b8ad2160e50493048712a6fcd8cbff23e6cd7a68e95f7d4a6c","yes"
"774a8810e3ec13d88e75323dc6fe1481ed4873a662fb3184a72e6605ef791e7f","yes"
"775a037e3d3492fb2ecb421718d7d3eff4418f3714063e2e4bd6e91bf1c3e7a3","yes"
"775bbc49a1b7155d62a54f271d93d9db7d5af4d6691840ce07152420006591ab","yes"
"776fec44fbfa6a3f218ad86833469098af658268f65a77b09334bec3dd20994b","yes"
"777b036158778d92e8b8fd91f24889292e93b83eab38ae2cf034f4e7206ad966","yes"
"778ec9c0a2cfcfb3416e7cdc7681fccbdcb84dd76debbb7520fa57cad508ee25","yes"
"77947797ae036153320d458f280cdaa8a3d6406de344ab0cbef47f99c1fff621","yes"
"77b68bf61e2d4ee45a15d271a999b94f8c8e868d3c95abeaccdd430319aa8868","yes"
"781debec50819c84a264f228cab5ce6177c87a8c3129d5659743ee4a15840780","yes"
"783acf557ea48b4f5304217d76d707deea45d5adf6199e8e63982d1d50ecf7f6","yes"
"7841dc4c5162504c60d5f06dfe82c7d5137f073faabda180de4f970c16f18ab3","yes"
"787fe7ed11009cb227287cc57a9fe1ea29fdec91a3a283b48b6bbbfb562e899b","yes"
"789a2aaed87444403985d35a4ac61dbe03b2641319e14f70ee11b5b895503630","yes"
"7934c7cb683356531cdd3fd780ca34db0343ede18ee5845c8511d4495ff581a6","yes"
"79367a5ae68803864853910cf15d5b8def489a52a01183c91ce6927205a6dc41","yes"
"79801455867517de6cd81ca38afa732a1956d113d170cef1a13a217d512da45e","yes"
"7998a2365e6be26df8c40bdd2343bf2c9e6006fe6f914c4fc8f36d4d3509d80f","yes"
"79b28fe96c049d1537196065368333ec56dc363250ae434ba2a8762b2cccf5cb","yes"
"79c114a80c533d17b712122151431fa0e58dacfc9b01a28a58f2ee08e0e09f1d","yes"
"79d1d1b34c55eba998380e5209922e823893c711e1bf486176eed66065501853","yes"
"79e2d618e2bd635cb8317c3dd70e23748d667567b7acdf39af5944090633ec61","yes"
"79f99a7b7423727766d594e657770ce68d732e2e6cd7c7e35613d8745729074c","yes"
"7a33e5377a94955e4adba9636082ee0ee25b15e56c7278bcde498b641a37c0a2","yes"
"7a3f762ae9b33fb5f940de2f336e869949a76dd211c92c8cb8e69a5d07b141a4","yes"
"7a6f7a8c02013c3c97c1bd7ecbb0b1f5a0dfb2ecf59301be2a4b9c9a32a3da1c","yes"
"7a70b0926019ba962519ed63a9aaae890541d2a5acdc22604a213ba48b9f3cd2","yes"
"7ad18a10f710bb969e6525a21ad062bc5f3a84c05aac89ef9197efc182bcf1a0","yes"
"7ad433dfe4dda1d6e539e0a9e4e355b12f7e629217b8872ff1af65f7a4733271","yes"
"7ae83b50399e4f9faf6224c6dc1170748a78e55b14c334166f229f5cd2f06ad0","yes"
"7b16e1b5189e83ec4eaf052eb5c213b9b13fb4a26ed1d25876e2b95026c7b57f","yes"
"7b21f883608ffa11803e830511568fadf538ac80de67a2a62958e15470da6b14","yes"
"7b44657ce32a8b8cc6c21ad6197b357d21e259b00efbe3c7dad53558f4dea411","yes"
"7b45f36d5e2b4b851d46addc9a54a95fc899e4e6b712b60b7b055f9e292b8cea","yes"
"7b5f59c9c1a9ad45c557d646032355fcd9ccd228df5762b30e4731a52eb00c48","yes"
"7b5fb95ffe43e1a85dd03f2c668acfd24fd118e5183b31cbc620406d79d6c8f9","yes"
"7b67342d978d00e1c27675cd9b95182119bdca2e7e3434e8f5c126992066a0b5","yes"
"7b7a7d966fe9a3c9046ec46830f2ec012373e152d1561ad25a884cf170a126fe","yes"
"7b91e6ac49305544e05438300d6036fdd80d6f333c99d6c7075da65a5ccaa6f1","yes"
"7b93c68c7793f6626512e4e87b299d3774f326b05f7cd3a199e09de0bdb7af63","yes"
"7b94bb7a99867b202f5f9093ae9dbebcc14513d037c6eca01594b49f697cd424","yes"
"7b9bed76f65e083800edd6c87399918e91dd81f122ae84dd930d01c4290482c5","yes"
"7bbbe941038ccf29c9dc75411cc09915b89ae8402fd000b3efb1907bb47fbc59","yes"
"7be445286005ec418811097fcfbfcfde2efbdd3a6cf49b2a6520283310290a23","yes"
"7bea79ede0bf4253042a92e66ae1eec59e7d99ac05692ffffb56f7c7777511bb","yes"
"7beb34d17df51015ef797368ddb3d061e1e6eb13649e35633013155377c0c79c","yes"
"7c17ec4d8c7fed572bdfedbdb5a80771ec3045fe288ee1b4339c442f52fecbb0","yes"
"7c4c3b1fde09d76e045546305ec6843fc033e31ab4518ec22049280f75dc8ce6","yes"
"7ca06391762b566a802d952953949c705ef1bd7a85bc24a34aa10dcf1db4f8c5","yes"
"7ca743ebf59b864942c25c1358b938564a74dcce372c97a6a021fc08e6c8b85d","yes"
"7d2cd8aa7249ec500ed1c1f92df7f6b1fe016b914b3f7b585563a1b541cbdf86","yes"
"7d40eeacbb3b3b0dff84e901d8550e167ca23d0013f8a4e798027f6d995ae02d","yes"
"7d521b43d38f132225778288935abd2a6e73627e4774548831034db5c670b42f","yes"
"7d6072b42766d05615f90acfb2e665836b4ee121d610e7ce294567d171dc46d9","yes"
"7dabb0a825dfc5b423937cc98bffd18ad4a5c3f772fb0e8559f9bd15948c823e","yes"
"7e03155140d2d6734104812b1d61d01dcbb6a5afbba4fc204972da29a9315ad6","yes"
"7e43ae424468ae1d0c69f80be70c3b1a0b1ddf468290b9291d3974cb0f086f9f","yes"
"7e591091413d62de46a00d855e114023d40856b4424b97b1f786215655fd802f","yes"
"7f36295fae2feb0fece66e48cc885ca79387494340568a9a601be559a42669f9","yes"
"7f473759c8971c54e502a9edf81bbd234435acb516a792b1ce85798da1586213","yes"
"7f7d2f0fa186e9c86e793cea152b8a10146ba8f9721848ba832f9cbc2edd0e7b","yes"
"7f924d112637187fdd39121c5d33ca98dab12067827318e94ec8efd2be0835d1","yes"
"7fad825f6c8cd3a2a13d8dd798065a160a68523c6f90a6d3e1043ee62d978d81","yes"
"7fb48a105e42189ba8ad23ea1d568a70473036216b420a7e60a86e4de43ace87","yes"
"7fd1c032225f9f07767905432733b8102fa2c2bfcad11660cc188b3ca33118c4","yes"
"7fed9a6f310558bf4f07a1254679bdaf6bf51caa81ee1e7324b72d247f17158d","yes"
"7ff1abb059bcc26b425441ed53d63625b74394efd8d8fe00c2b402718ef1599c","yes"
"7ffc28cbfaf3ad6f4ef1b92d3e3ca8049e53e6346879bb1a2b37dbe8acd5de4c","yes"
"80254739f873fc27a47b93d04ede2cd52aea3d852f3bcaa6b23c88206c547586","yes"
"80660ac182eb3422fb01d421d1434a273d7e56a3b9640e0c569facae78bf695d","yes"
"806e5d8a454ed74b66d8ccb2009670ec980171db4a9e6aa4f0742009d2d5b00e","yes"
"80744c27a5a42bd7089fe98bdceebfabf5ad0fc1b25f4775b48056df18ad14ae","yes"
"8095b0e0c5cbe343b8b47b1d1148f3a69c9c54f1a070889c8c64405ff816246d","yes"
"809a0ad52f29123c8cbbea706f8baefc087deeb17eeb24744a64f675e9f83ab4","yes"
"8102b87e59d7cd4a0f3a70e08972ebfc399a300e5fc93cd783e8f8765ee391fe","yes"
"810be22a7ffe0fc08de7b7ea9ac14ba73f8a573e1e5138e29094ebc487a55458","yes"
"8115629485313f5abdec9735093ecd3cf001c2d77b1dac653d64bca3faefa3a2","yes"
"8137d4d3d933d6cefd727b5a3bba73b322a68a6d4c6a7ef850338153818186eb","yes"
"818417da1ebab45deae0bde47dbc944741cb3acb1223315e6f5b74f5b90b7073","yes"
"81aa01a0d7e059d234e9e327d088f29dfae66f7faaf9cf462afddd2153eb5f54","yes"
"81adbef41fb2703882b7edc9cbf73df7b32565fcf33ac3f81b2adb15bd673783","yes"
"828541e2d33d5e66df9426b7a1bbc39118816750940b94a088ed8e438d093e63","yes"
"82940c757ec438f409701f0482ade2faa60a22dec520a21527c60b7e4b35d4e8","yes"
"829cb3dacf325b36ecaa9f46768bbe46bc2babb48f41e87c05154dfc23c6c4e6","yes"
"82a09f122a37a06d9efbb64e11b872c87f5315c1b4c387a5df1f558701aa1a0d","yes"
"82b787289a243c770c7dc967211591fb169a5d6eada5caf200a214d2629fa36e","yes"
"82d2e59599274b93cb4fbad18c77909a5ec8b161eee3eda403a2708cbc2bbfba","yes"
"83ab441af0b4958876f726107f9bfe9fda13cae23f4496aada068522daac5f08","yes"
"83d289c7fb16863137e751d66a7d56c337773e4961b7d2d1d80a085913515339","yes"
"83ef9263981241732a7d95f7f01df5daa31f914cff16c310d591790aee40e594","yes"
"83f9d530194ac37b72eb3fc9116d59f70d9f5b2bc1e2df106087afd98867a9d0","yes"
"8400e24bf40ee7374c21d1251f931a773c4b7d96d8d931272190195bffd832d0","yes"
"840a791538825e5a93fc9f46f6df2bca5640884dc9ef2c131229dbcbf52eae28","yes"
"842accc1b0c56ede8accd9cf846d96ca71920dd89b7790a49a020fbad3666006","yes"
"845f2d403f8728b5c24887d2dbc2168363e220b81f8c6973bf3521515bdb298b","yes"
"850453787d34db3a5e892df9abdb76897b7510a2a0dbfa39ffa9fe42218a752a","yes"
"8508936d814da94c8ea3e007698c3e50a9735562806f4f6a4a0406b7988c2317","yes"
"851274c43c844a67e913ddaec67011d368dd41190acddccc48a5b7d96b42970f","yes"
"85731e12ff22659ca4632d9a867ce16a6982a22571d9a2359f87d1d7d60a0540","yes"
"857f89f64634a67552c1522c73a6dc98a9a9a5c8e501a4a99ace17a524cfca90","yes"
"85a7d9671a25fa3dea600a5c7d7d52b6166fafa0c98c4beee685e7cfce883b91","yes"
"85b8aef9a85301073a7690383b9269b49082f163d9e14207dba186f0657cc8fc","yes"
"85d4623cc26da81ca402c96fc207af4cbce7f52239708181845ff8b787c4b744","yes"
"85dc3d35bf0df4f2df16520a6afb47250aee7a8474af19b7db12e32b1adbec68","yes"
"862123e5e5f81195f093ee229421aa90be7d3006a8efe32dc6c0efb2b0232b93","yes"
"86930d4bb335155aa80b98807c6b78a6d533ea2eead9414b175d63381d5475de","yes"
"869de45c3c35fdbd6511f8e3f1d5883f6eaa812c888293aa0b0f41bfc6edaac3","yes"
"8773ad937e452142e3a28fba709d7341dc7f2c0063c17d8cabb4e6c2eb505c16","yes"
"87b5ec49a8d8e2c347316a946ad52e02a56d778b1eaf0758d93dc38c8f0a5204","yes"
"8800a6e3419a2a6fd5cf29c9abb564ae36f496da3d4dbcbfebb5e1e7a1d2dcf7","yes"
"880543465fb8f57913203d8376e6917e11aa1bb6a0501f0b01716ccd254e4675","yes"
"885f31974e07f0909eef288d9d4f0c35deb457d2210edcd44a1aa42f165e24bf","yes"
"886d0a5ed980a7917aa3f72658a51c0d65246a9a58a082d621eff398ef4882e0","yes"
"887b594d057b7df527bf9ab47054e99295d67c0bf91f835ff2f152bb581da23c","yes"
"888f2edaada1d2a5ed798a1ea86ddb6af4916210fb9a25ef237595ee8b9139be","yes"
"88d37023e72a1c4c7b4e001f6c1ba1087a52376c8ba97c93cc440636f074724c","yes"
"895d6bbb27a4741a417381a56fad8be0523b99c20593640ae994167064130a43","yes"
"8980c5aebeea082e6a0a50495105ec2642cdaaa29f60fcafb9a610b195f2b7c1","yes"
"8981866b9854564e4c4a63cbb98b6d10dfc30133b56737146409a384e7afff61","yes"
"8a2f7dfd09e0491dff9b4eea998b42d6845844744ce9b76f49a4224b47c762b2","yes"
"8a37fdc737db56ea4d68b353bab16bff4d1cfac9f6794ff24c426cd836cd675b","yes"
"8accd132419fb4e2a318b7b5874d43b0a1ac76de1c0bce600e3597d6bfe457aa","yes"
"8b30d9843e00d6c9d7d28a944f6ade5094bc1135ae957b746f58924715e6d260","yes"
"8b34bbb9797a379a6930e3a6b91ade766fcafb0b18a52bf63e34444a8dfe8c46","yes"
"8b8a26ff1b39db94a9d9357567686dbdf4fd1296605d34a7a89e4f795ea6d2e2","yes"
"8b93748fd90bfef4d28a898aee768c1eda0848bab6933bf25a7b7f8dc2011814","yes"
"8ba19ed8da8b631a244fe4ed9add6025b1f55a60bc3e3f0730451dc1914ca511","yes"
"8c195148dac5e7183b7f41861afcb627bffc2bb0092abf8c06ab24c70e65c577","yes"
"8c5a42f59cf6e3aedbc7cee9a7505f033ba11518a4102b1b7301d89f5d8610d8","yes"
"8c8a0c0d0527dc883a414ec58a3e517e05c991135d298a6cfd1c56706edff2eb","yes"
"8cbc011108584f3422ae1dbcd0484c566390de65cd0b1ef1aeca69844c51b209","yes"
"8d01034ab78af12a201de43efc0b8cf8c4c49acb7e27afae13b8e91a6a503a3b","yes"
"8d08ef8f8530dd8d23bf5712f5a451c52a04034f0747d93c199de42d5611a7a9","yes"
"8d5c4fe6b45659ba79381ccc245a4f52dd9f49f685a13d175152965e71b5daed","yes"
"8d5feff5ffb347ff1959124adedac5e4a512ba6f071d049a9d441b1da8c03ebc","yes"
"8e215297a6097646b75cfbbd4a2a12b10d50cabf810f842ad7619681a72c7d4c","yes"
"8e852685c5abc7769c860a6d7e6ce67b7c5c9dbe393b075361eb96d5c01f2e2a","yes"
"8e9081c5f6204af4fb4392acf489ea8bd81312037faf48205ba119b50d565e2c","yes"
"8ea9f5fa194d203a251c143e6c71dfacf525aa742ee77f583dbbca406bb82471","yes"
"8eaa42a6782397a3fe282c3e9f82dc8cadc833697e26ea720380ba96abc61920","yes"
"8ebc3097b7425d06fd174d2df113fb832661f098659e763a915cfc852ca651a9","yes"
"8ed52f9281614884f6b533c9abfb10b89e37f6d83014fb1881a907af259d4ed2","yes"
"8f9eed28d6878f75455ce332523aba841e1b96c88f64466386c8cc6d45ea0c8f","yes"
"8fd09b6cc4fb891fe5442bddeecd861fffbddd6ef4a6e3667474024ec95f0e03","yes"
"90ba219bb314e2517f4176d7f7d100eca8132a80226ca2a579a7c7667c7ef55c","yes"
"90c41f64c2cb0d0f8c37da452abf1642225b2aef37a1c3f0685b55a7bcd7d648","yes"
"91350322b2fc1ad2b6bf5567ed4541ea16d73ca6749be8c89cf55144cdf8f858","yes"
"914c1c66ac8002d7bef3f6a243178b732e7958d5911aa377d6cbf541fe0d4fde","yes"
"91b4466fa552c2f3b1c433dc71b899813d88307ac3e97f18affcd1937682324e","yes"
"91e633d0c4bee11da810c56d4e4c383fff5093d6ea18913ca5d0b5567d0109ef","yes"
"920067fa45e532e526fc2799a985292048e17fa9d3f2b00e88f253832d42e91a","yes"
"922c198b988f41da96c12bd6bdd0e61f04de633a12d1e38efa1ce599e422df71","yes"
"923cb6c3c47f57e7da536561e6b6044f87c398c316a35c9a7e306437918de0cf","yes"
"925feb8f7b2b1d75f56e3f5b80e114fb7ba43c92cb41cd9987b9766123b8d5f5","yes"
"92ec5cc21d0cd8df721b66fd7feec685405f204566c623dd5f4916a9e1655074","yes"
"9346003f9f8270ab34d75aa7f1151a114a35de14e6f8c788a129a876321286fb","yes"
"93756592d20ee653dab4e0f090a93248d49abffafc0d98e82c1321a1ad467505","yes"
"938053ba253e62b16a144bf0f95fa4b920a4497a93a8777b6f0e1e3500c8beed","yes"
"93813a05deba497c43d4568774fd0d05ec053a6f774bfb4f776c684fb0cacb65","yes"
"93f783d1af763ec0c5842840bd30191428bbe09534663ee84fa94e910ad96cc8","yes"
"93f8b580c0a4a4418d52735c113a839410f10875ab0cf9330601b86096758050","yes"
"941dcee0569548c02cbb9839cce640ab03444851ff7ad0762592930595379b82","yes"
"943ebe529c53496f434a16e1be4518d6e350709f2838513df1782e476170adbf","yes"
"94ad889589b7c9a245acaca8bf99b70769864e4c43f35bb64aa3971b7039e047","yes"
"94c386118112c1341534f15c36a7c1c51a1ea5a5d8cd41f31684e468990810e2","yes"
"94e89f422edfed7ee39c60911e42a20d402f1a7ba4b9819bfbc8e021367bfaa5","yes"
"950995146472057c4bfaec3cc5ed00fcc285f536190fe3533fa9bf28e665d630","yes"
"9554ab955142d6087e36e11c5bdf68f3cdd0f2e74d75080d34e5348713c1a93b","yes"
"95b0e3585c221a33be1c8095748d006891ffab6f91224392df10dc95f194a112","yes"
"961e75fcaf1f10286ed18e0a2d8da9bfc9452b95ca09a6d05c3da7b071e453a6","yes"
"964711e89ae39db61d82f9ef0e40a2eefcbf8bc7d4f45d8e25fdaf51871bb233","yes"
"9650eb56e14551a0620c5e5dc16065c8ad107a7df9c6f97c3c94c490ec8cc5b7","yes"
"96615c45f90bf3b9035998211604e764a60b748a64dace4c9ffb82c0951460e4","yes"
"966ea16665593c682c5678537a9a80b2bef2ae4236bc120117b65a645321fba3","yes"
"96c3e5e2dcdf6930e480d25b6c018a6704bbb4276c83127abffb480fda07f0e2","yes"
"96d9de1137127344caa370a76fc37c5e27ce9dd50517c7ae52324666f3df74ed","yes"
"96f3acf9073c98d30b4a9284b3f618069597595f6312fbb8c376400a3f51cb14","yes"
"970ebc38951ac27976a632bbac2ebe3cb5912cb72f28ffbf9a8d89debec7a042","yes"
"98242c9ac6c2e5927146ed25915fc838bb8273652906f3bf1ca61705d94edba7","yes"
"983e5608523e40453cf6e1ebb151012ca1a1469b97773cfe4467761fa1b0d136","yes"
"9859d68c65ff94242104cc0358a9da1ed9153cb6406902b13aaa43d928e3bc1c","yes"
"9868869ce3506ee1052e2f75c27e4286ca631ee9acc57ecc8ea84f5762e08aed","yes"
"988da38222e92867027c6c029e488bedbc9fd76c03e2905193a790bcd10fbdc4","yes"
"9893282c9a8038fb79c725151c111edd50f2df0a91627cfdc4a1b6fd6a7638e4","yes"
"98abf095efbb7cdc1e40cb6c54b8c70f84f4ef35bd4b3544ae1b86becd2862d2","yes"
"98ae6de35c44118428787dd30be99f57fe0fc877c8a14e389aea60bd520f6933","yes"
"9913b10ec4162314e7402282fe5710fd829a9854f3164b56fb5e7adc72f52435","yes"
"992737b91db60065f843935f69f4c7815e61a3fe3f227043b4cecac225ea241f","yes"
"996cc2967261134ed182a8ea4f0d769a42eb4845393b0275c3f11e24241e822d","yes"
"9a3db19b1c5c760c67f42a66b8d7ca23b565b08968e726e87bea387db7d3abf3","yes"
"9a8931f9ba54518047bbb2bc0a9d8eba9a15bdf90c4b53de34d9edea75b296a3","yes"
"9ada57bbb36415bbee5f081f1437f6299cd69e7603035ece07b58a3314e03fe7","yes"
"9ae4f45ddf5e6c72a3b3ba0ee726c637d07a94b4ba1bf4abbd8eeb91a19d276d","yes"
"9b9fd59cfb60253383f5d80ee25ff659bd1c6ead7a5d96dc6e1292b1f82f50fe","yes"
"9ba195e2a2d1b831b03313eef7f6b136406828e32e7f7b9e487d0b47a1d6c8a0","yes"
"9bb6e90769ac15649144ddad8f14df7757394274c4b9f474ef461b66b6e248f2","yes"
"9bc1111d54761d7da8ebb1e52ff7322341b9e9a466837e8946b069136221d611","yes"
"9bff40d868427ba7c18107746ee43204cee77a23401659b37fdf037cfed92db0","yes"
"9c2982d45b01e2ccb7ead3cde10639ea19d0b29883621a3c7b3cfb49ca1d3444","yes"
"9c4ede137fa664468f4ed7da0d1c0052025c379e3047bfd15b33404509ed816a","yes"
"9c4f82822ecbb0847039e63402cadebbf7b87afb9e7d59e7edf8fee9ad61b5a3","yes"
"9c686b06140b0e36836f8ac5f8b3deecbf7b8a9e2dbc0f4740027d83506ba7ed","yes"
"9cab5fc783e602b67224da7ba685f7841b0568238cf4d295f1e0dbfd781a0725","yes"
"9cb08d6a68ce8e8f2d7d6f2de2a2ce908b96a14de8a2912ef9effeaac595795c","yes"
"9cc6faecc8bc976315cdcd5a81db51f6b3789afec909d9f4a263340b3bec37fc","yes"
"9d21c92755313c1e26f6ccc1ba4d061b55aee4f081ebab47b5641b781cfba757","yes"
"9d785a16615f28bdcbe47877957a14a31c0868e20065600450ef205b6fc346d3","yes"
"9d9780c85638dd60820317c68149253f0952e3c76cf391ae571c5c8057bf585f","yes"
"9dc222b4df1084c002ba9ef94ef8eac7f290c0c032c24e814bda359c95d1507c","yes"
"9e40646324655acbc24aa293b63610ca35eb650db730220cd1cf64c99ef2d6f1","yes"
"9e74868d9f6eb6f52871c93f9cdf5f29d312d9e09aabb133e241de9a780e8c21","yes"
"9e776251223f93ece89dc29baf0baffa97812663c6f24d2f8159bd702a3676ba","yes"
"9ea73a318d9478c72986834507b26715f302360e2717ae968efbc815b1487a5c","yes"
"9ebf1b31e0b166e5d89fcf1392903c71b2c1d415cf10c954a3e295049aa80e7b","yes"
"9ec8facaed8d97b52c43b89446a3bcd0dce503f91d62b58233f694b6c679dee6","yes"
"9f9937162c89545b3b8e8e412d61cdf9d393ddc147b7f89b7c70481e876c6b1e","yes"
"9ff0b15fc727227da041ae6b10a67501d9765a855ada1980995a44190b5183ad","yes"
"a0000c6477f034b6dbc6e075deaa1bf5b041b0b201f80cb298ee6a93cf3d82a8","yes"
"a0ee14f89be35b7232d67a429930f4cfa73473189187454bb1b29d59919e05ff","yes"
"a0ef8d987c55d475136249123dc30306a6954e5bd2d60d66afcc574337bbc4cb","yes"
"a132a484c208661a5acf7b6cd6b9ab852b007f5f1ebdf9e796190ff59249a9d0","yes"
"a1493179e1894d0c37181ac0de456175f0119600cb92839b6d334be8546bd788","yes"
"a174a83e350c2be5f0ad45f29cf4a6747e48c85d5c7cc6c521517355c588c6b5","yes"
"a1acfbac6e2ed829506cc8d1850b5365ff64b883bfcff53137e211afd9973a05","yes"
"a1dbd641e767e5c1f1bb9380f8f4ee24f94d3f75e40af44f3ab649d7b539655e","yes"
"a1eec1346510a27cc4092e04fe76096f800cd5901e59f3d4f660213bcd66149c","yes"
"a20a528823dea7c3969432a42c2f32d0d536ee70fd6cac757a9cbcc055a5bdce","yes"
"a22b2b2f54d9d5c12bef6bf477fb62161e9dc14d957f9af31d915b40c544e801","yes"
"a22fb2af2502c4bcad9fbbb9c49eab0491d66c114516f158445b8f93d69ec506","yes"
"a28215108d02721f3c55479c1b0ee9ae36481d2918046e3a29aa211870901090","yes"
"a28c928093697a4edae1105d1d68a23e1265223c66c5b47dae0396b47f9ee3a3","yes"
"a2c5c3c01ea2f6caacdabb63c762f21f9945e6d373621079971676f0320f018e","yes"
"a2d7f7c837b2c62995c009e60abee4f5083f50fcfc88583f737122176138a3ec","yes"
"a30d4385b98ce418705dfd033ef5c98e7dad3065f09521298c5cc6377fa3f5a6","yes"
"a34df5f91372dcd8877fcad6debe1c65e71498be9e0b979a818864ced447598e","yes"
"a37b6fdbd9eb424dd334df99294bc4d8c31cba03bedb4161a9af8c050bd069a8","yes"
"a3a981c17d2ba1903bc9fd6cfffa15853f96c2aaea1fd21d72fea1444b66f4cb","yes"
"a3d8a260602e11c474918e601e5906ffd732eec318e937b68b884fc30b1627eb","yes"
"a3fa908a4f75ba635590e99cc4801a0a042454e67a13062f3db8917019950101","yes"
"a40e585394e7df127195c7210dedbd2d7d9789e22567c67e530e5db4f1a78e0c","yes"
"a4166921609fa44a2c5fc40692e98e3a9c7956a7d5f8959325a194d417aad44b","yes"
"a47a9035a07c94ba09ffacf88f2fdf24f56d88b0912c01e720bf38352fb2ef44","yes"
"a49cc6fa5a5192de78dec9395d3cced83b3cb16485ee4cc3a97d18a754533e5b","yes"
"a49d231abe68574df422188d6d55319eba08c04363d2c281fdffc85a9d3fd51f","yes"
"a4a2423cdc8640c3762a95b43de78b604dd0b34bfc33655c1f9f3a4b21159802","yes"
"a5271c895d3912413e7b80506fb721d3233201f959e34d3e5f89ef19dec2c6d7","yes"
"a567c2d55d79691cec787bdecd291aaa22b51e93eb0c946270ddde7d1ddadb99","yes"
"a5a9b3474d24fb1b7033f6b958f571769f704c32cc1feaab8206c8ce1b703c11","yes"
"a5e89faf2edd289404d5237a59bfd02441819f39167dee7697b28e368eced0b3","yes"
"a6016bb361c70e3c8c605a8fbb13f3ab815034b67e1e61e677bd3b6ab573ed48","yes"
"a63f2b69efd99091d0f277241f4defc4ee905f5f7f9d8b71a57d9f2808780eb3","yes"
"a64c848bfa05371a7657545cce005b04e6fd6636a82f56883ed99da10f2b736d","yes"
"a64da8e8f500f71f26921ba9f23e0a8cadff324dd78c34bd833bd79ccfd4c4cb","yes"
"a69ff5a45ad7e108b4ed8a12bde093a4ed333078f6084d3686f20789846b85df","yes"
"a6cfc06565f223229b426639be2b9eb22cd6d3de4332c79800ffa7411de9af44","yes"
"a6d7b87e9a7c5abb7a75e299dde98c2ba105ba2da4e75eab25d563a782aa648f","yes"
"a7107f10333e03605d899e78f4aaca59bcb9c40e6e32b34532509940b6fdc107","yes"
"a71eb43c2b32517b08604cd129d766de0b0606be27bccb1166d515009aa37ede","yes"
"a7e4292f1e0c28e52074d132ce31228c2f771361a5dc1cc99085cee3e2aa58a7","yes"
"a7e6b21f2959b1afb2e9740391d8eb0672335210e3952b89933c78bc65f15882","yes"
"a7f51b97647071d67b4c12e208e66850017df83467417092e67f3b0a281d82dc","yes"
"a7fd262db0e6491f25de6d1898f89dd66bfc3244ba2c5929915c5b02ab73823f","yes"
"a8691a63e08aa06fbad7ce1cdc057e4cebf653cd1b3190bf51127c8034c185fc","yes"
"a87010ad7c43cc88b16e392db78dfdd95929407bb9a4d55e3b23434efd4fc0a3","yes"
"a8a786aa17e95e7e1039460acbcf5650c43d05b948831f244a3b4531c97bb5e9","yes"
"a8dd93f97fcf71d1fd6c65cbd5a19a6eb7978955df81d26a026717e8f4b60cd9","yes"
"a8debd0df240f127c3070330bea1718719f55973355a0913c0e17f01b8f35440","yes"
"a972dc4c6f70aa901d36c5effed8962d6b7065c235d24164ff9b676f28bf5637","yes"
"a97a3a43944ab9967d233c9154a1d46f000098b6ceaf08a228e245bdf8f88bab","yes"
"aa2ed17c009d3c47dd5f4ffed13dda486358c3d979c776222d6c4cb901834744","yes"
"aa454cf030229358153f16f47612f8316edae970409136bc6a2bc25aec65bfcf","yes"
"aa4a699bbe90274dc7ed3d757e2a038021b2e3c7c6af758294a1189b1b7243b1","yes"
"aa6bab44f536ea6e81c3ed0c626af5a4ac09bf8c83b696d5d6425ea1f6334686","yes"
"aab8ec5ea8bd2a404227731f209b700059e3fa94051a1c50ad1253c18cce8880","yes"
"aad5a189c1d06fc2c9c9015554764948a046033f3789626f8617815dfca72a25","yes"
"aadf0bceb8f904b28ae24cf8b3712d104ce648f7b0543fd9ef74766e69efdc51","yes"
"ab0563cb0eec8a1aea2258ee8f1f3cd5f8c6c524bdaf3282ea59fe62b0238700","yes"
"ab499c92d7cc346914b08977e92ad3320825b7384c5e9b3ab55c616e87e9b15c","yes"
"abb14098cf567fd4227f3767941f93736dc892ea0fc0982e215590edc22f63ec","yes"
"ac14eb62b70f26cf1058c75fc72736078ca8d0257d39b15f0fddb7ee7929cfc9","yes"
"ac183c6729697f739f53d33b3737fe4ae5326e2449bf274fc606fe37857e38bf","yes"
"ac56e682aefaf8975e3b89323b8024a1c9f728095f66b7fc2e625b4c46ab9440","yes"
"ac8cd54dfcb2e47decec7527eb76e9e55f9a670d74d11a89b1763416a0fd22e7","yes"
"ac8d56a55452aa3766a7b4aee688d6aecc4acfb6867d9af161567e892e5480f8","yes"
"acafdd9a1611d0cbcf697c8aca79c6c2e273f5cdc9248f3bddb6b491df1a9463","yes"
"acd3f383ba0e73ee85d3d55d1ec1297d0708fc202eb34f458e6f426278f0dc6b","yes"
"ad23fb7618c5e09a4f079f7abb02c0e8bcded84a250cff299699f7769a14ce5d","yes"
"ad42906ac6ff37fd02f5fb8872b36bb715acafe69e92ce0d3483f37f3cfc4b66","yes"
"ad5f8c6513de6a065103e68dcb32a659f33985213e90d4c597bd3e651277199e","yes"
"ad76c8a232b6f305fff7ca1f70a44675a7e715cefceb2969603f3b0402200dfd","yes"
"adcc34e7a3aa3978b2c896d43d5aa11039af79b4c8e97bc47a888cc809d0a620","yes"
"adfd54e376089576786e4ee4d8a31bb42e6ec9a2aa73c32b79dd54a8face2808","yes"
"ae05944219d5f1e649d37ab3a0bd21e900651849f4a4eebb51a34bc2d9e2ca4f","yes"
"ae43a29f5944cc85e5eea232cbcd9cbe652ea395b8b5a6ac057d078d83502635","yes"
"aebf38d27747ca3bfc99c3de1d24a47ff87ec5847928ea92ed9884e746b597e0","yes"
"aec6f5e5622c61a277ee737b27621cbdc0ab920c761a5e0f228de5b503f86adb","yes"
"aef20bdc62156ba35e6a640ba3059d0a962d13ed161eec16268730fde263c1b3","yes"
"af77fdd9f5e8b4dbdb8b02179184ee766205446a39be8b51bae464eb1f519048","yes"
"af9fb8d93da3db2000bc58d0512057340473d6a251fe3ce1f01322c2727059f3","yes"
"afe55eb345c547424a03874afa01d191f3da20782e18ee9b91fbb86759e8fe7e","yes"
"afe689947803b466e0c55c457a508a4636d28febd3156577a428ff6089432147","yes"
"aff705be6697b89aafdf2d4d0386baaff1c16fd3fcaac91b61bf713bdd28993e","yes"
"b000b20f541d589d7561de274a64fb53e1cf6e656d8fa5ecc6689db24e913db2","yes"
"b034cb2d1bf263bfc0d092bf86a91249b89085cedba0a411dba27cd27a621d3c","yes"
"b09afe12824651407e637f97583279813cafa054e3a4e8d80658e43ab7738d95","yes"
"b0bb71ab7ad175004750932448883982b64618d088443fde80a348f792b31f61","yes"
"b12707f308f61907a5217b4ce8064f1c6c6edded8acf3943c450f1baf208d244","yes"
"b15a51903ad986c21d18da450cb28eb4d8f498410ae2f4c20915b60ccebcf2ed","yes"
"b1820ac7481d92ca6972a64d4d1db761639d8e5834d41ecb5f22301132d679ec","yes"
"b1b4e32669046f0b1d92615ab6829aa5e08dc65c65df7fc3902e0c4f7b0fe4d6","yes"
"b1e7a1ed18f36e3d155c557b4ec5228086a35127f3b60ff0d8fdddee13a84820","yes"
"b1f69b262f24a53bbfddf5662fd5cfcaeb4fb9aca5f3c290956f7d6c0d9d34d8","yes"
"b279eb57da66b495d387ba17faf1e2543fa0300d33df2e8b99563dcab30270b6","yes"
"b2a59b3e9d0b7bed96e35bdfc49d0144e8e49caf34c3026d0576ef43a6c68153","yes"
"b2ace195f6a691fb0980b8f8385d30ce0570fc7c36ed016bde58755e4310e4ba","yes"
"b31796660835fa1f060f91e634d1a164619c59f451ddb9be7838af668bff90be","yes"
"b31c4e566a3d58f6333be07b9ab999bd526b5ddb0f876d7ce88168908de352f9","yes"
"b334981c45580668e6625e7b3c212911602f860f41759dff22937bfa6276592e","yes"
"b36c023fb5f9d07b945d2bb4962df935ca19b2289fe60155501352c836516ac7","yes"
"b37acdfc3a602f8c2d6325350b2736b5954167754982992139a5273bd59805d8","yes"
"b37e3fbc6efb1d219c419b379a5533b3277c15ca914e3a760aa24a02670bddac","yes"
"b3c399ed519058271e7c9a05296aa37519a1ae6885276e127b545eb1dc643524","yes"
"b3e27f2edf1462f622272340c70c247d9e6011d545441d9b77bd8c54c9c705ba","yes"
"b428edf86e3f979067ab9dee9608677008032f58694eabfb6b514c384c1e3aee","yes"
"b43c743523b666aca6eee808ece84bd3f7974d4c480e2334ce1cc5914b0d5863","yes"
"b46d5a4ec5cc6557f3a26322985d1649667b8f534749e69982080199feff1ccd","yes"
"b4bbc974c5cee7d63d350028059bfd90154a8893ebfa60950a2f7f5b158b02b8","yes"
"b4c57327ebaea85b7c9e1191b1cc35fd98b940139f1f4faa547f42773e5ec08b","yes"
"b4c9409b912ca3b85fbf2e680f744b711b677c5d4112c318acb83a28773d6dce","yes"
"b50c4a6d61d481a93117b4a1dcb8c25cef3ad2eaf96dfb695a08fa8c1a3feec7","yes"
"b5477384ab8da9b896cb980419597beb7870c09b0b1c601bfe65806fe8eb4509","yes"
"b562387795f12ec9813f758657071eb3b8165f2178238faa917a3322201be831","yes"
"b5780146ee064333a66fdbcd7251ff90f5645ff1d453f68afd4fdf845cfe7857","yes"
"b5a4fe17c7aee3fd7675033ccceafb3c66f74966ac586f51bd65da0357d3a270","yes"
"b5aa13086b0ddbcbeca8a5fa2a928895b32568fe756ad62a52896834baef2610","yes"
"b5badef95acec5da868bc4aac12a0cc3227cd43cff06631734bf09221e247c1e","yes"
"b62ae04869f72a30a8db01d277868e825f15d3f6ef6ab4f6512a0ad7727b7ee3","yes"
"b6542f26f9cf35483d8b8eac231aa0a47c28582a3aabbdf1e79eb9b0acf89452","yes"
"b6e8b9ea7539b8c18757a646437b0be6d4057b1e365442f77099aff8a9b6d875","yes"
"b6f6b0872790b62fad203e1ce2498e53cd900d9ced124c9e864bd34570e4c8f2","yes"
"b7214e0e521e56e661274e97c078e6b725a4227365a023ed55472455e0ecc549","yes"
"b75fcdaf0cb3476437e1fb8aa58815579e4491fa959a98053943234f9d3ecd47","yes"
"b79326284570921c6ef03fa7f47b4fef42398a5ee691ec42e0e0eeabf0d81cc3","yes"
"b7c1754eaffca025075852754b8e0c356ecbc4f8c44119212855625bce48f269","yes"
"b80f946e59454c9bc60bd037e17648786e1c11be3c1b0d62f665e023ce5d749f","yes"
"b8298973ea6b0189bbf525434f81b7edcbe90309381adfd6d9fce13d14506437","yes"
"b8768afb88b918e7e620fb7c9cacf1d86c473345125cb5410ff871fa0ede3c73","yes"
"b8b31f717534e04da37c1c9ff1e1e6533cebca8f28a6679e13613a4bfb50df9d","yes"
"b8c7e14e2b086d2d3b42e743b1251f98feb0926ef8542e3ebdffa12f5cb52741","yes"
"b963d440b3e0b4555794dc37f67ddb2b5b62a7a60762e0c5158741f2d43ebc36","yes"
"b98edfaa34ac15ac2107f48e0c1d59e1e88d89f7a53c11dfef0d87146b353902","yes"
"ba4611856f6d9719b96b1f59e4107f2bcb6c7571bc1e1e477aa37c0f25ae2043","yes"
"ba6ab99e57ee0ce325980f7313567475f30a0ec54d0f43a0a0f5189e368e82a9","yes"
"ba6e7d31a82e0c801224bae287cd51a332bcbc1676c50f6f16277b12955d6a0b","yes"
"babeb4e59165e9510bed627b528e721b10104c792c5cbcebd16d2b0ab256957d","yes"
"bada8a6d23d7958b5cf1bfc84c9b4bb8831b2f04a5c58667bf9ea7cb636e3311","yes"
"bae10564ceac91819acf1566713151a3932f628c750cf10feb6fcfbab5427212","yes"
"bb1479e4e64dd591857e1e7eb8c925b36fe7c4a911843d0a4a591b491d242f1c","yes"
"bb5fd4eff164000959752da358edbab90b054fc167c94933337202e8e949c006","yes"
"bbe9e7e81a9113725373e0b09d9367a6d13612abc00796067768995ae7ae94bf","yes"
"bc0e6845ddc11eb89ca56654d066fb013646d06657e23395e2fa6ae3683e278f","yes"
"bc506df9e41702af83d876952e3b90ce981d330b093afc178a2f1ebeef441646","yes"
"bcf13b051843fdb71b5d392307cc8f4c3246bff7fb70e891e4feab2df3700a3a","yes"
"bd4b0f8bfc6ae3d143602716060b3e8287a576e50498aecb521832c0d8ea0c33","yes"
"bd4f2c27652dac745bdbce04b18cc3408ab6e900d6e1ce00c806678336bc2e8a","yes"
"be2214dbc1b17fafc708b6e274f6db449cf2429305ba88cf7fdacb2c7c811553","yes"
"be538a59d5697b8a4116f05efd7ab2eb2ebdffe266368b49e9022013c9164eb2","yes"
"be5e98bb0e22e10856f613d5b017ce5c375a59ae2e958f3d33d6b914c8857ae0","yes"
"be88f591b5b6bae77b4848b50a247f592c5fcddb3879621331f674e87122d579","yes"
"bef53a97d2236ca659f5da465357a6a5d0ba3054bd65d781bffd97c75bc7767c","yes"
"bf0451ee902eeeeb4ffa5c09419711d1a84ae0ec42f51b06376be2e8e40e93b1","yes"
"bf3d7f52fc66266996138fbfe6713378017cfb656208e0f6005457b1a7eed0ca","yes"
"bf6255667268bcc977a51cbf33ed1ad7da11722fd9fc5a8e57e64de6899a1aea","yes"
"bf9014bca5f7549b0cc9a02907d17eba7d4501bf61e612e4298f7e9046bd13ef","yes"
"bfdfa3b81f6e08fd635b678afdaa39e7a1b734f3925d8a7aea968d08b473e4ca","yes"
"c0685ad4231c4dcbb0b0c5ced96403609558f6562d84d99200b282fc98d51642","yes"
"c0aa4af48cec34fdd85720463057cd071501515d16b4829f7fe532eba3856b29","yes"
"c0bd275a8ed69cf9105b605b488dae76e3510d0dc2b709af4243768a485136e9","yes"
"c0bfe954de414c701c41013b853b5aeeb5c65c4ca3d51fc9989de4a3b6c0d914","yes"
"c0c6fda10c78c74c2abe5b46f7a48837a5f725d83f32f785dd6379710dda15b7","yes"
"c0d867e4a0db3bc92803b2abe2f622e8e1dd5bd50f53dc8db29bf9f60f1bd715","yes"
"c0fc11adaa486ab0d23c25fb35bbd9c8601058e0c55867d31f4b65506559d10d","yes"
"c10e0d16ccc0d94ebceb7acbd99fc3492575401320fe67707a2a803ae9d77ee4","yes"
"c12042b42481559a0a36f749abe2151d5aaac90fd9839d93046fcd1164eb4a1f","yes"
"c121f8edc4850c6a02f510dc789f37b976ec40ed654d902bc943cf81698b81fb","yes"
"c13485acfd96eaa47055ff28d7fd6a589b567921c5e9097914de4ab8e201dcf9","yes"
"c15f8a83201aebe30e14a1c00f7b31d3e5d7fdbc8780eeeb0aa54095522aa468","yes"
"c1ba8ba41a9f05a3fff70f374a464a8a7cf8fa86e9fc5c255dd642d0794fa17a","yes"
"c1c9fd85c20347ebc6bbe745d0c2735a9c6e29e4bd7b3df5738713d06ebcbd37","yes"
"c21b84ad09c38b914f606fac7e5ebfb4e235649333b8af65ae5ae9770e2f3072","yes"
"c24345f66019b94a23ff0b2771375775425f52bc72cfe1bf6f3075247c9f397c","yes"
"c2c7b1836ae5256def352820f475eb8dc96420164a925521e2add3a2782826ff","yes"
"c2f605278178fe75336b540d1c1af581298c62394281d15e3f5c53a4a0cd5c3e","yes"
"c33e70180b5942351a4aa55c25d42e70c79f8eefb0666812fb384bfe5c884262","yes"
"c3702c6bc6842bad82f202986799493b659e3c903564f1bca0cdbe8e28c0151a","yes"
"c3af2b814e0387b1ddee2faf41870e234e7b675637097891ae1cfa557924a997","yes"
"c3b5285920f98be1d6e078b4a150ec410b7ce2b29ca8c7906d4c30772bf2c590","yes"
"c3c792ef9f0a77cf87d5ad40958c9d438dcba7582d2d0a0da89455ed1661c008","yes"
"c3f391a7e012dc41673180eff1ea93326240f5202ad1e4e49510294416d6e4cc","yes"
"c4144268f8c24974683466449e1ddec2f66586cfcf48602f1e0d19b7e2fa34d0","yes"
"c4414081a6b74be7762499289a7054a5c828cf75629e4a92d073b9cf42c418ea","yes"
"c45c06c3e1cd3850def76389cff0b886705978ef9b20171e4516f5e6ef439a43","yes"
"c46705ba1d761e5035586f0ed629afeeafc1348466d5359f9c1533e29b8e8c64","yes"
"c47c9cc666a9fb7748d6ea71e4e88a4dfc8c0845a2098ddebe8e92395fc2e4dc","yes"
"c49c6be84cde4b067c4c0d8fb86ec22a3bf561c3d570a7c1f2fa1ca1f5f65af1","yes"
"c4c6d3f7b59df883839921aeb0c39046f967f199aecaf815822ec6ae04566e9b","yes"
"c4dc0a49c1f500ed645595d27ce9190bf3c346538a50e502b75f0a16c79274f2","yes"
"c542ccd0da1111e4e157c06d3ee97b01937e77403e2d5a840b15e871c813a7ee","yes"
"c54c811fba455514d671d69283172d3660b3a969030de04dc89cb76248c1edb5","yes"
"c572f74637c0075d3dd9938c631434860bec5a189cd243d9d4cc2f3f0967f4ef","yes"
"c5c870772b9c9b0817719eecb50587ecca106e2ddf83b397a22f0fb53c46e504","yes"
"c5db651c0b853e671edd74b7bc9491dc7ec59678dd2178d56aa4a6d31a430b69","yes"
"c5e392d996e9c8bcdd8e4e937115a85f223f6f5d0ad52c300eb397a0d1c870ef","yes"
"c5ef8837225109816aa23ec65f2f7a835b4fe3e1fc94f019f3618b7a42e39cde","yes"
"c657e29bbc27099f26f7049250f51b89498a64a2742e1cb1865b04b2fd2d1a80","yes"
"c6a6c04174dfa63d392cb0c3e7d34f32099125a79a9bb0a53deccedd9a3ce93d","yes"
"c6bbf32cc2c28b3b7e1407695039b8720219732834c85561440c096a076ca7e0","yes"
"c6d2ea031df55821c4d1a1c7eb64f256544f553e03e4e78d698bcbe13b836445","yes"
"c71c5548a2b843fa2850485fca50539273063cb658adb900d14d1a631f0a5ac2","yes"
"c72e3ff356b5fc61d641ee1712bb7033ff21e046e24e150a23293eee806f6671","yes"
"c7533932b05334e5c01a4ff163559259e36c800723f717fde21a127b510a31b1","yes"
"c76456ba89b68cd622530383b7d113ca368008011a0ccfdbc51bce4e29e54469","yes"
"c7e3e51d469c982880f0e58d6bfb4865faae896877a857f617f13e25b0469c96","yes"
"c7e46549ad01c9accf53547ea57d5e79b1371c907026611d3b9d3019afd5327a","yes"
"c7e6de0f9013a8ea02c33f702943c5ea94d5553e6cbd86536174eb18d22b037f","yes"
"c7f94df6a68392d789ad2c26ef2d5f3f50b390f7aba8b06fb4ff03950ed0bfec","yes"
"c8089c4f044aa089e19714380b7a82658c2965b4608caea622c8e1d5c214f9da","yes"
"c84787b64fa3637946f033c8414746ccc3319743c3e11fac6440bac3e2744d6a","yes"
"c8661dbdb72ad3f10314fa9fb47978cb4c208d71a46397f39f057faf0d84f55b","yes"
"c87ab488c948eb3676e87823edbdf51634ae7291ba3b38bea93b2b2f91ea4d70","yes"
"c8b04e0a2ff7ceb9c0ed5bc33e30a537ae6b8489108c5c5736a5aabff9aaf719","yes"
"c8b267f3f0b65ebabc00e08fe2686bcd91561bb5adff0b2a07206bffbd39fc72","yes"
"c8e6d63dba7ffbd853ba33b0620cb978868705c17fa7c1591f269f655414fce9","yes"
"c902e10477a91b2804118aa5870cc3b1b4859edcf602ac50adbeb9e8abf6ed8a","yes"
"c905673c58f36303c32f899d1c957c11821f0d3968fb9081d645161bc2c18d43","yes"
"c9c04d48c99468c61e9089961de4c232d23979cf7419bc6c16538ca2261bc317","yes"
"ca0d232124352872b54299392cd28bcefd3f6c5323c47fb70d4286eec04d3632","yes"
"ca7439ee6efd375daa7a040a7f814a4faba81c1f3fdaea911db3b98585b852d6","yes"
"ca8dbe1211749b76388a9ba0311a452df4cb97a474501e684fc8ee0fb5cbf52a","yes"
"cac8222d1d8e42691105b6bd76957ef0887918380dc3daca4ff95e13f922a17b","yes"
"cadf20a576c0d24a52fac376ee81cec8cba44370fec4654fafbbcbe5420f1285","yes"
"caf93f5dc8fe9aaa5f5bea59f05a1ac7f1ab320d4602b7bc1e5e0208b0ca6807","yes"
"cb0d9956cd8242ed40016657c5856f725631f2b7ca16934c42c232e1c9c784d6","yes"
"cb9e6440d28dc77ae26c7651f8565ca9be2b1a627494069e43654fc810748a0d","yes"
"cbc473f4536e895e360fdc39b997bb2b6b1f96b7a0ef2cff0533394a1845e552","yes"
"cc53ce73eda16972924742877d8f452378bc86170ca373150e0dbacc5d3b8094","yes"
"cc76042785f72305c7e4b3e57158a924783e83c133b8aadb952f80644983eff6","yes"
"cc83aba32aac0e9f31e9bd3c40a4eba377ad1e77417eede0cff6f6ec27c8fdf1","yes"
"ccac53fb29912858e463396b1af7f1c268b3341f12747745e4afb5d454e527a2","yes"
"cccdf150e9cba5f6170977d1cfeec9e61e9259ec030464569ade85b178e64ad4","yes"
"ccf295a5873776cffafcd416c5d3e5410cba77f7eab0b6290e6e4700ada46371","yes"
"cd078e24c2aa44fad9392e008c674f3d41426058a89382b0e45d46eb00c4fcbe","yes"
"cdede120c252265bca82122fdb28f2f2570924326c66a61ae65b6338023edbc5","yes"
"ce11d1077e2dda8dce66fc2f4fa7bbc2793336513ee652b0b3086f6b2925916b","yes"
"ce20c1b5b291dacf17d2957e94ba714b4cd53cd6889d39fb01bdda70f8eb8380","yes"
"ce33b24f42791c52002248a817f158605eec489a1fa88fe70eef4a7fe921b576","yes"
"ce450fe758cc53430657d897af8c3b54ac2df1552c7f3a276db318be376a1ce8","yes"
"ce55de5d68ecf7d1b25f7255b267ed8354059168a86fba849e135e8a8c701b16","yes"
"ce779fd75e0829467fc4f35dc5a8f16d9a7646d14d643734c969461f579b7e99","yes"
"cf720b07fb68e3759760271b65be0cb9ae95eb1bf13a226bc1cba772471bb89d","yes"
"cf73a22e3c2d2d57dd7aa7b64c9f79bef29ce93b27c9fb3de141bd27f8373101","yes"
"cf897f64209f90661bb414e93e41dbef591bc63a8c80c633d63c105e98ceda09","yes"
"cf90491da1b60cf346afda3a42fc1cbe0204c41556d87f5e57841bb13be273dd","yes"
"d023604ce5a613bb6b8a5f71a49074baab2c591fc69d7aa243a76fa1fe514a6d","yes"
"d05a12fcf890b0877c6c79c4baf95c8ab6e89405ece56821d18c9068023f9b82","yes"
"d079862f630572aabb924373a22209e7f11662ef58f69bfc6e29ef05ae8af7bf","yes"
"d08493febcd49c6f8d03ca04e87103c4fee0c4f027f6ba5c9309d510cad02572","yes"
"d119040a7abeafc14c15e6eb981fee0db6094c27d332ae11331309eb2e29bf05","yes"
"d1d68349e00240ac229d5f0153300feb50553df3f885341620930fcc725de12e","yes"
"d239aacdca861d4beb6df8ba44ee4b10fa24935f7b897e6016784c3426be9354","yes"
"d2a6fa67d8e25f68f04f871e6261b5f1e7de9b69594c36b9c43765f31fd5f1c2","yes"
"d35f1e8f48e1ff1d7f980bb8a2239ffd9344a789ae759bf9dceacba1def55472","yes"
"d36b51b7a3cebb6cbe68e27e95c38c88a7ebee7645f9f2d6c8811259cda452a2","yes"
"d38d3c5cf9b80139443452485e4b68180c81eb351925021c392714f1f2a2bd02","yes"
"d3a13447cb2b5220da8be927aaebefede2ad9597c6e0165f33c03105254dc6da","yes"
"d3c3446bd5f9b5d07687414bcf4b600a1738ac569cbd112f9cc387ee59b17b2f","yes"
"d41dd4639b6b1827d98797c2b5eb2435c141a306e594a9df8438f1c6a0d6478d","yes"
"d43d3d3677be5d84e9e5258abc93b6e3e200b0c0ad7c52725c296ce541b9f9d2","yes"
"d50aa618241b01f347f707b333a20608254007cac21270373dde7a070f2c0a21","yes"
"d51e6505e04afacf3fd91ac67d76eb9e6611668427ee1a9d2680b9a7ab0b3850","yes"
"d52b5b38c5baabb68c8174753da86171b0efe2efd633f9ce4115a08d8c90950f","yes"
"d595011f904531fe9a350ab97aaf3d6788c7a6c0781a77c43c0dc58040c3f544","yes"
"d5a41fa82444b1d55dca0f1baa33689243f66e04c2a6e242207cf1abc2d31188","yes"
"d5b4e52ab6fc91541c47b58c37428e2990089cf6a32c3c6f3141e9b7b84d4845","yes"
"d5d9971c862e23cf8a548d72a32e8fd106887087d50fb8dddfec0c84330d562d","yes"
"d5f581759ec6d348ef38f517e4145096a931b57309465a91aec8505a3d14e020","yes"
"d64567b4e13f4974bf102f1638c3377da5626e0ce94395a83e907bbcb95ad063","yes"
"d64d7975e1b9e7dca6e2f87360b22c49af3bb586509d6e3f472e5db6bde9fa26","yes"
"d67c7be7607887d8baab6f820c09b01072e1c908ba9604863a5acb3a887c8117","yes"
"d68f4a30ecf5380faa9945d0749106f55409d525b44ae0c1f02912b7619b5c81","yes"
"d6b1cf1663cdcb72d7a9a9a772a5c4b5cbf69a5acbf1752849c9b556cd94ba83","yes"
"d7062af6588e5146c15d77a9d22afc6e69990279f89e81edf01025b0e3ec4eb4","yes"
"d71d113c99f7654be8155280a7c73ff287b0af670db64fa5b6c6279a6d78c195","yes"
"d764d1f1bbd0745436b7e13d9f38239175bee96db351dcb6eba45659c8bccdaf","yes"
"d78d06fe98f4efdc91adffac4eb04868c6beff89f6b83f6b477d2431f74b2c19","yes"
"d82217a4b2a3fe9c822545c8bdb012245f6aee5d49cc2ce70bc3edbc99e04644","yes"
"d8c04511198f56aeb35063b630cbdedefab668af54add0745d686072ae4d786f","yes"
"d8e37054159c3629b660f2a4927caa4045e2e401613c663fa4647b3707102d70","yes"
"d90317708fa512f52d2d27ae8e12868e6a679bebec02aa2fa258b80f69784514","yes"
"d9256672d849b53ec12e24cc229b90969085211221cc9bac57d9dba771eb1cee","yes"
"d932af12da6947febe9896d0a7f117ff0e16035abfd508b217fe111591ec5d9a","yes"
"d97cf64244d73821cfbf94a2c4de124db351fb1e29e43ae20d65da62df65940a","yes"
"d986a37ac3101c9916516fb8599888503266b31cdefce40f80510854ab0a7a0b","yes"
"da3bf56c1bfd4e0ec7d3282d9eed8f12cc58a990fe43d7381ba1a47d8349e706","yes"
"da7a6e75c086e479863e00743538b1995f0839a5bfebea5cf902c581c7f24231","yes"
"dac99a39bc1aa032a5a27f1b97b628a22216e36adce20c8c42f23c23dc5c4e59","yes"
"db04b0a21a18d6e6e1e9b5eb00e7477afe415a4219f5b6a39a50f7d315aece98","yes"
"db7508efec109934fb92921323ca86a9230efb3fd414bd02d7fe37016ed53a95","yes"
"db80e08530ce660d44d01f5e2c314087c9cd2d64d46e412fb343d9db37f78ed7","yes"
"db88be50ef283d53633f5d3165c6fab4f55f13903a0dd78458d8e13066430f25","yes"
"dbc3fac5ed6000d2511f2ecd260601d8a499b00a014ea3e054f9793f206190f6","yes"
"dbd5ff90992d6935836a77b890f2daff40677c9611079155571c558a6fd9ca37","yes"
"dbe61ef14a1bf29c5344926fbef5b0a2f9dfe10cf05e636ba1649b4b054021ea","yes"
"dc4cdb0a6e700641213b6e1fa6bbc66101d687227f40529fee4d3680b74f5d03","yes"
"dc4e01511e9dd7d250ca7a79f784b57beeb6b08ae1266fb47aea7464eb1a39d4","yes"
"dc4f3653871d587168190c89ab3690971ba178d201bfc082a0ae0f8fd9bf2566","yes"
"dc5aa9cc0af99d715e829bb349f44eea19183becbb10a257d3bc3852a99c0198","yes"
"dc80d050fcc7c52d70a30e7859bb1b9734652ffa8e2573e80bc8a3859fc56953","yes"
"dd77fde331b8fde5ef26cf4f6e238583df4ba90dbc455ee3014008bb3a8248a1","yes"
"dd9f7f742ad9a5406de0f07558816cbd42498a64a27e04c67165db98ecae43ae","yes"
"ddb6eb7819acd84f442764bc998535960723f2fef838461cdd218ca9d4d79ff6","yes"
"dde3c3cb64629ba092471193bafe27e02c8e10a86b13237b23b608b007f38fd6","yes"
"dde6c31a4987f84674541fcb599629ea20fb0927af1acd30a6fef20935439917","yes"
"de113449fab55d52909a2ff3ce9e4e454d6608b4d64a9d941d4e10e03d322db1","yes"
"de23297d9f3ccc2d3cefd7e9b8d74def6f602c6e919434418e294f652bed3734","yes"
"de46f4701e2dfaa57d58a9ca155ae439407700a10df0a049caf82d9beb27b1fb","yes"
"de76b7864050592f65319b61c9de7dd95f12706486b64fc1c3ba0ed5f073c663","yes"
"de7ea450eee5d30578b25d9a94111961fe83ca8220d111fc419517cd0efe083a","yes"
"de8f6b209e8d036de59a7342380c682f21e0444ebab99e286a888edd182c24ab","yes"
"de98cdaf5fb4c5aaa37645c45778e4787322d7b63aebe926edf37c9865696f30","yes"
"ded1131a7a1a97996341593170aa2fc0f6aaafa022f7638b569282a0392cf112","yes"
"ded8d1af6a185712d47252ce517b3f37d20a0be35c1972d0068aa9fcebf958b0","yes"
"dee4f74eb4b52dc94c568a72141854abafc77d78289433fee5ca0898a78a7d70","yes"
"dfc3f110b8730e39ce46677e09d702c9a72370d962a51f7de88838d62d965a65","yes"
"e002937527480ed9f6b333f611b24a812475d4a43110a6ec6639292b4feda1fe","yes"
"e01ad4e80ce10cfcbf0f07720bea763e9a0989196e2f8b290709f8a4b7aeb1fa","yes"
"e031a641e72a23a6bbbfac4affb6c086d7dacd80b20c46b425bcb894e226afbe","yes"
"e06e722104ec5da039d858c562366885fd5373c7e81bac8e32b362f9982757f3","yes"
"e0ecc66c07b619580337901669ac87f517e1a2f5b75434b3722aea19cbc0a732","yes"
"e0fc32d6c3d2b562bdb583f2a32b45c3c294b9dcab84bf921aec0318ee4a8bc6","yes"
"e11b99e74a283c2495d3a0e2f3b098373a138af9e43d4f307215072c11fb8422","yes"
"e1673b7af9c37f56c234857bb8f01543b468d6f0a7db73a61f6b416500262cc3","yes"
"e1682249a62e4d14a37d67b8a13899a04858fcddefaa3704b8d13aa0ddfec425","yes"
"e17eee43f2f88c8396ea7b0fc9cea57c252423c382775c9c21a0de98d2ccec93","yes"
"e1b0a517003af26531901c287426a138c577549e7f9c365e6696aa75d0d749cf","yes"
"e1d79c1ac627bde73cf664d73a34788888f1d2b988800db8989cf63ec42dad95","yes"
"e1ea5651c6ce75a9b09fe8adff4d2f88b4eb191f99e58ce3726fb0f0541520e0","yes"
"e2913a1914d8037629cd510118624cb8280845083cacf9f731cd1a7144fea502","yes"
"e2cca3e2b9c187a6df2a34644fc45499547051d582f3b0f68728460be5a45616","yes"
"e2e7b698d0b0df248fd28decb97dc31b580cb80b082464c26356909eee0c782f","yes"
"e304c802a3fb2238960f8047b25d8e0f1e5cfe3ef70eb203142c018485bfcd46","yes"
"e311f1153b2170c8e026c4796cee2e484745d93ebaa35df911edcbd1a0b7a614","yes"
"e3122b6ea49122b042efa4db511206d7e122c96976e034eec32eddb3e80bba5f","yes"
"e31e60f097020a4e8e2ecf45659064c9ae778cc540681ce404fbde6830c4ae04","yes"
"e321fb75f14b1ae05aeadc05d6a6cf66d40c62e14d708724aa51718182216145","yes"
"e32976c7365b3e76aaaee2d4e8632ee7edd624e04ba476d44bc81ded157e00e1","yes"
"e338eb66deeb3f0d6b788579cc6a9db07ad1e725c6ef30fd4aab17228e886534","yes"
"e34bac64d06a0bdc980200e94b97f7cc7e68f7df6140b7c195fa26f9bd609307","yes"
"e37233d4b864e5722e006e4f69f3360764edd61612f96e2e9c65d5a47097c506","yes"
"e3790a58ef16e94b9f17c18dbc1c29a89fe6a6652bef5ae738833ecd1596882d","yes"
"e3ab9727a177421f6b14cbcbbfd66021ec919ab1466937a930a5801ee421ad97","yes"
"e3c2eba9ce7b3cdee2ede08c88d885eef97e256439f45ed31269bb6fc762c556","yes"
"e3cb3314a8ff79e772ad9add60fe8de351a7ea6e257d42dca5c519923910d958","yes"
"e3deaf5434b76ec15ed788902c4adb769201e3681250e981ad02c7aa74337b03","yes"
"e419e333690d20dd0d619ead99709f2c8b6ac83e7abaf82682a265f5ae8d835c","yes"
"e42e5131e8e052389fcc16adac6939eb189ff0167ddd5cd746f12aa5ceaae64d","yes"
"e4431870a150804186e6cb99a0f3782db78ac0b99bb1b5b38d4e62ffb3c76f57","yes"
"e4591231e502151386a3c7b90c91f5f77491dcaae1ed9c923153116e2fe1f64b","yes"
"e45ddbaf28b339601e6117cad4a3c61c751365c1c85bdb4a766603ce0c2791c7","yes"
"e4e886b36fde60e2ac4b248aeff61527effe314f6803f60516633d0a2b48f34e","yes"
"e4fc2b820d967e1b72cf04441ca611e986b46f2b654bf7615cf68c33345ee5a3","yes"
"e50c08c4372f89c5ef7ec196cc5023bc71fa3ae1baf1ae48d0b2cd50dffda09d","yes"
"e519cfb69449bba45e2fe3d1c73192e82b282b400905f6e1121d714a18920f1e","yes"
"e578f22f98922771e42b5d32305dc79ad9f7099a989cf530971787e91f294e7c","yes"
"e5bd1d1f073d91e55a8b88b88f143ae82528c58e88a1bd308ba92b03b0b30eb9","yes"
"e5c01ea30f6370bfeb98016631607f1c7d27408b8374e0fc051d8a3690902874","yes"
"e5fdd36c3ec8bcf52592ee28215d9f93d1ee0c32ac0c5d1f9d0f56cc63ce388b","yes"
"e613c9485a68dbb92861e980a4f9b775674cd5fb2d5cd3801ee22bdda67093be","yes"
"e620b0fe4badab2b30416fce08f1854dd6947a06e45f06fcd35da854eb531225","yes"
"e63b7b7fb6a4f8a0ce34fdaff67aa2a42e130986af9fc224e4196caa5fe9e76e","yes"
"e65b0c71d285e68af12441b219a0753f719f8e2a8c85a0e65e79c05d49d99f69","yes"
"e68c0ce901dfe01750aa0e324cca917835c6fa588e5536dd5da35954d68d849e","yes"
"e69329ee153600a8955d1765085e29ed6b9ae99d8c7a71236b0e0a3ace894484","yes"
"e6c3ea32c0fa1838069e6d13bc1620655433267052853925b5642ecf501ac99a","yes"
"e70d0b88d3802e5bfa4437917600e26713b2c1504375e4f8cda42f726f36faa9","yes"
"e7267ca90608a6cd0f40448f7af0d0313e989a256f4bc6c75b718d66b22d27c5","yes"
"e743e8d5df895ed1567a34c83fc5ea4f31df17af5ff8e953bc10dc32f93ab27b","yes"
"e74d53a8b7acd4450ee070d2065860ce58880333d0bdb563953efc121e6a9552","yes"
"e775246dde8a071c18cc7e2790ab7216e276e7ef1be8ca73d2f7014e3beb84e0","yes"
"e7bb0d9f4422c235c71ccb01d31acd91a3e3e1ec9ff89eb559e1fecd5d6858db","yes"
"e7ebcdd5331dc12fb6bcfdb338cf65d92df9e69ac12e6334b2eb6d0a49fbb727","yes"
"e7f22619c78d4406b6092244175196c287d5ab026ca06e1dbbc36bd2fc758d8e","yes"
"e80f0c9239cef8f236e84fd0604a1894a4909e4a2d7d092e9a8a238de75af126","yes"
"e839e110bcfb58484650f181d4a294f45f3c49e5b09bdff1d9fdc210a9bb491a","yes"
"e85941fac7131a483fe52cea7274e592310fdff52a4b734a86cba2b7957c6ad2","yes"
"e882616f8c2c1e2466017dfa07917c3636e66e0ef250b0cb8e903835eec4befd","yes"
"e89a6ee4dde23ec4afa2c5c306f9c4e0e311e9178f0797510a8745fc9ad6982e","yes"
"e8c8267934e3d225dbcc8a7f543cfc4687d663d4cc3cbbc8a1a9e54c4d422af3","yes"
"e8d75131ecdcde7cd3db50b4e9d19c7cc5a976c769ce087eddf361330c9a6cf2","yes"
"e94e27c1004f3d23cca78104d445cf2b35e4abbf5b4dd6d87f8d8167ed512d02","yes"
"e9a7e84f7c2350ef973b786cedb74845d92fd4dba281cac69d3ef716c0c552df","yes"
"e9d29c4c1aafb0f03828f9934dcbbd222c5e7b14bb49cbf9273491b8f61b1a59","yes"
"e9f148b0bf0dee4acd5fb36720f3ce218cabdccf362897c9ed3b0dc08de43ed6","yes"
"e9fced4c4ba46d65c3d9c8b838cbd04894a8b8f3704052d128df502a8b5343cc","yes"
"ea736aab64830ce05110da7da1f97ee662dc161c95d047dafa01bdb1a61874e7","yes"
"eae796ceeec623b6ae4ac56edb181109dfbf6c1cb04b32aa5dc9318e631a0650","yes"
"eaea269b6d945ac93033655bc2bb3b9cf6f897b6b7bb7d5304fc8453305c232c","yes"
"eb1769be00046292e6ff22ecd91c303292cbd7d1766a2ef6c98316e5e523c139","yes"
"eb4595295040a39b32482a3a4347e07c4c00bd4853ca91ce07aeba23edfb1d31","yes"
"eb56a7f913d151eb7cf4f5f0a72a77d740f0bd8c531c02fc16be1822259c1524","yes"
"ec1d40423a7368a5d3b360a5c2edd5cd2f93ab742d85aa5dc8f0470eb1663c22","yes"
"ec748233afb1ab98f6908e6c881902a307830a134720c581d49b7be9768eb4bb","yes"
"ecc4854a85795519cf182985e0ca8388c51853df8cf0da9745b3f0250b10cf57","yes"
"ed1e20150178762d01aeeb677e77752b5759ae06b236a54f04f522795d3264f3","yes"
"ed602ffa7de636104be64f877df1bb4d7d9c1b35fe55cb3afffcb31ec8b66c7b","yes"
"ed82e9208fdd7730b3ef9edf04e6555d1da7bae80e10e8886f188efbb97d3368","yes"
"ed8da33f32e2e7d7864e95a6c96e9e3275cbaa2d0e9ecb2b70bec3d7412c0243","yes"
"ee22de811052ce830ce027fe9046dadeb1c3ce365d8cae79351dc1669863cb14","yes"
"ee313bd189b14469d4570b1e49c15f7e1834f5e2b5457148b0bc242f0d927478","yes"
"ee48736934da1b55af58e90e719f1f46d0d828f0bde710512d5395f9c03a256a","yes"
"ee4bd8a9a4e6afbe956257c0fae882b39160b95ec75c55f94c09eb5113b85157","yes"
"ee4c09bae5e819c42b7c4a8c2bb721db0cb1d5d013112916a44a2dc8686096bb","yes"
"ee56b391f4642fc9fa8a03b900413748abc8b7e175e3c243b2cb09395fdafd36","yes"
"ee7a1e3cd29c25907003f88a277a70bd7a32b5bf51aee88314cd96ec2c8d68e0","yes"
"ee837c32bea544eb6b01f9ab246b3bbf7ebb52bb5c98c185033d7fc3f1ca4f57","yes"
"ee9bb45af7f5409c41198e3d7c27ffa9ce410227489e887601e81117ac45b0a8","yes"
"eea9df2b42cfedc16fc7c87f5f05a1a58f530e107ce1a1756e3d7d23c0d0241b","yes"
"ef0256300ae2d35c458d0eec2e5ebfac21f7308ff9bdd333a3ef8ec5e912af83","yes"
"ef27ed8186a50e596e2cfe124d5c6c6285637a5195d48255e15745aa6d3d97e3","yes"
"efece1910f6a5787898bcd7e8b5a796d36c0d5c2c3d28dddc19e726b12a2be85","yes"
"efff813055cba608ef3a6cdf9f843ae573a0260f9943d6774720040b8a1e6d5c","yes"
"f059ee8316149dd2f8c9edea562e9f7bc7f111b381b19cb7f2d165c9a09d2786","yes"
"f086aae0d7e8bcb06bb74c5ae2592ff37920bd1e24fe8a2162cecc1f566248af","yes"
"f0ba4500de01ffafeb3dfe69f8be3b18905cb37ed4895d373fe42228ea42466b","yes"
"f170415dadc52143e1b84e1efdc44e4924f095427c35fc97f46e2fafc775aee5","yes"
"f24bc6fc628b31ee017fb2c8e7ed109593b1b850b69a244c15a28279ba8d1acc","yes"
"f27d7cbb772c3c663bbae9c8ce06f9e25e700fdd7d672581a83ff1e2c7812747","yes"
"f2bfbf323b1a724fb731697da145fef3654e665839222a173b7f285faf794205","yes"
"f2f2c4f2ec6cbb812274fb2a036cfc390b422f888c45d992565edd3118082b32","yes"
"f2f750dce99874ab0037bfd799f313afcb13b784fc5e37cf1b2bea95c0d01238","yes"
"f2f9a818133a579f4bc24c241e88c8972858e7ebea01184a53a199d5f1835cef","yes"
"f3415128042d31e4a03fb3044c865cabffbddf0cc5c141b906b8e9f8e0397692","yes"
"f406c59422448438cefe39ca27b77e04efd31257b185789168f042b6a350a811","yes"
"f40eb425794b40859beb0ee2f93fd094793897878badc74043b964876ae59bc7","yes"
"f47a6fe7a326a19e5657802ade016d0c5802bad0dcd606640664daef88e45d88","yes"
"f47fefa4c6e84f56372fae0237a5035e8efd66e82f6a7c514f1671a15c125c5d","yes"
"f494bb85484e2d3123f8244993ea25afa0d16519bf0e5fab9bf85beedaa37f88","yes"
"f4b444ea1971d5641174c497395f89aa7eb89067880c5e4d954324f721de96aa","yes"
"f4e4da68de43e3797858d38bbdfe12d7965966c031b4b34ae02f43f1be730804","yes"
"f5657f0501a9c6b760da366d531a0a56b09b66ff09fa11b235fa26adb98b3662","yes"
"f574fa47641cf3ffa719e553c70abdbda4f9d4f5709df01430ff2793dea8e0e4","yes"
"f59b88e3489460897f1bcc8e4de7c5591c82f31bf56fc654e5749e83ca705e02","yes"
"f5e259e516446110f64fc135bfea87f1474c3965b93445854f6a78bbdde625b6","yes"
"f69f9ff89f32ba5bbf51a209694369b03c637f9f6ee1c7fbd22fb2e7c392feff","yes"
"f6ac9903eac92938aa97edb28b7316dc4afd881679cca3594a518d46e861cd24","yes"
"f6f1c266d47d236fa6c9c8d9836a98112f92584d4086e8b788d304f4e98e73b5","yes"
"f7747a0a05b37becbd07b52b9bde0ca46e7753bc668653036e66f444b03173a9","yes"
"f79b47792e15afca9b02016035838702237cd4f3493741e216f6ae2a30e2ea47","yes"
"f7cd0977719b6ae762e7e44ffcb0b07015bc495aa38c628f622d988cf209b2b8","yes"
"f810598a73cc5043365dbce4badfe8ee71ad06099961dda8e7af876a515cdfa9","yes"
"f87cc6ad031f7ce6ca5dde6726f2e37efa1e94d89c82bdf4133c453c6afb1c4f","yes"
"f89d0f0a94f3d6c6eacf7b411a24519fca8cea13092aa3153777dce95948a125","yes"
"f89fcfec54a96f386df62d7d2e09efa58f93d2fd1a2284b9203f61c3e0ddee71","yes"
"f8f31733c455197b8cf0436e524adb9da433ccd285eb353bde329fd9faed4d86","yes"
"f900db30539727904a47a62d9dd4d4fd99b489759ba349f2b773b622dc9b58d3","yes"
"f92b0df874665f95f5af1fb43cc19065606680007a74ec87a5358200079adc63","yes"
"f943603823079e3ed6aaa98b49005391f2dddf10d9ac70b402456bc41434bece","yes"
"f951ade06b91b4f4077dcbcfcb8c9db8339c2ffc0b402f89d1069fb706223876","yes"
"f951d54cd960abfbfcc401c0b9414bbcd159a925d3a25173ad570dd0f9fe1eea","yes"
"f95929120d289c56515eb7ba932ac4a638aa715e1e920bfe7346faa64749f9c0","yes"
"f99d01e30859e6dd171bd4cfcb3f8c6cf2b4a074fa5c4dd2d9cb64a67d06a5bb","yes"
"f9c67d470925e7e6b06763feed1417457ebdadd57456b8c3ac239e4e0aec91ed","yes"
"fa1befa1ef5bdb7780353ece2c441f15ee4034181e4f2b1ce0dca3f6c70bd01c","yes"
"fa2904d787523d1c7b38eda1e11232e55926c173745ce7628d8982a2227a0dd1","yes"
"fa355fd19b07d5129850d591c9676058f0f3fa24e3c66824efc24ad55dbfde9b","yes"
"fa71075a0bec955b94105c500264768ae9f03dc2a6d8b3fbbae7287aeefa378c","yes"
"fabfe9e088910dea4d34cfb95131d63d48885c3d11d934ae73387b78c780490a","yes"
"fade2627bcc789fc0dacb7aa3ae27f03b27cf64961bd324cdd504e38f21c9f77","yes"
"fb3b0fb33b9901c3a03d45587841e5c140e5811b70cc37641f671b6491ab05fd","yes"
"fb9ef08e70bf36613614fb1dfe842aa0cd9238724d531e043cb189ef7eb36f0a","yes"
"fbb98482b79536543da9a171512742577a51d387f0ea1329a9ac16c6d60d174f","yes"
"fc074cdac14c3a4f6e55a14b72bfc01b0f86f54b4646ae20af35c7bebaaef911","yes"
"fc21f15dc8ab12059a09a066e59681f5e52f0dccca1f8de3ff8f157ad2c8e30c","yes"
"fc4184b9e24b95f475c0f166149d9ea0adfe3d01099420d0690f6bffe6e22eb9","yes"
"fc814cab7c79f418818acfe8d8ca882062530aa6926640844f2a19251ac5c9ce","yes"
"fca0eaf2a8c01c49b6672fc63fe7ef41d2708e2daa7b7b26ef9cb35f38732960","yes"
"fcd40ed04ee0034eccf2d205b975fafe7f4e80df362305bc59ab07d6a7a29fcd","yes"
"fcd937b12bbe9c6e24db8358662e4c371b75badd4ccee980aac480bdce59c670","yes"
"fd1b81c8bf05408cccc3b09a589668607a27335bf56111707dff010eacce7e1d","yes"
"fd537e1a77f83bee5c78c1591835399e1a0ad46300523901f6af785a3ab10613","yes"
"fd570e635dc980d4e137926f0e84d882701f8c0b8b38cb5774f419bcd108fdf7","yes"
"fd5eb9272a741c1e34d17916894888999c18dbbb9d14e4477299d56d5b9bd347","yes"
"fdc15948406e78790aee0b500329c57b70572a20c29f31dae51bd43a67452602","yes"
"fdd862988b4a2c68fbd188414a191ed17aad1e73faaca35e333aeddefbbcf3de","yes"
"fe3928aa98747b4274de5f52517b30a64984abfb88a2f7cd91196136c774fc6a","yes"
"fe6957a68c7d5ce751b892a1c9954a72faff3d3a5b5b214d913930d290deb597","yes"
"fe6a63ca923f7ad630fdca9ce8ed5aede2ca855b6ae4bc0fa1cde766e5103e7d","yes"
"fea4782c8e4048d7dc8dd22226348a2c5a3a7cd16d31bd8d20e627d27efa10b6","yes"
"fedc12dc0b560d60a2b8e8ab826635789c3ffc63325884f4cf3ebfab2f48d323","yes"
"ff06c6564c67966a7adec674b6b28c6a24fce5078f05fcc07e7fa05a6f775a7c","yes"
"ff1f0e654273e4730d9dae6bef78c0a6b4f7b367700acdcd66338e9eb88e3137","yes"
"ff477f5af9b54aa39f06c119af97511107999b9a589bae5005c25ef123e57980","yes"
"ff8a08575cfbb87493ae8b491584104a090cc7124396d1a7816db8a1aad84797","yes"
"ffb1ea6103d9199bcb4d5256041176736c557822badef1c64c1462457498ee90","yes"
"ffc89e161c05ce27bb2c8e59814edbbac395b6c84b77ed1d7140e11f6c25909c","yes"
"ffda2b5f3e8e2cbf72dbfcdbabd5f33794ed84997d89046cb905d2d6e2581561","yes"
